ts,venue,market,description,bid,ask,bid_size,ask_size
2026-06-01T13:30:00+00:00,kalshi,KX_BIRDFLU_US_2026,Will US bird flu reports exceed threshold by Dec 2026?,0.4081,0.4345,68,121
2026-06-01T13:30:00+00:00,polymarket,PM_HEATWAVE_EU_2026,Will Europe record a severe heatwave in July 2026?,0.3399,0.38,50,199
2026-06-01T13:30:00+00:00,polymarket,PM_HURRICANE_FL_2026,Will a named hurricane make Florida landfall in 2026?,0.296,0.3212,92,62
2026-06-01T13:30:10+00:00,kalshi,KX_BIRDFLU_US_2026,Will US bird flu reports exceed threshold by Dec 2026?,0.3985,0.4364,85,155
2026-06-01T13:30:10+00:00,polymarket,PM_HEATWAVE_EU_2026,Will Europe record a severe heatwave in July 2026?,0.3388,0.3752,92,41
2026-06-01T13:30:10+00:00,polymarket,PM_HURRICANE_FL_2026,Will a named hurricane make Florida landfall in 2026?,0.2973,0.3223,88,20
2026-06-01T13:30:20+00:00,kalshi,KX_BIRDFLU_US_2026,Will US bird flu reports exceed threshold by Dec 2026?,0.4026,0.4361,29,175
2026-06-01T13:30:20+00:00,polymarket,PM_HEATWAVE_EU_2026,Will Europe record a severe heatwave in July 2026?,0.3409,0.369,244,136
2026-06-01T13:30:20+00:00,polymarket,PM_HURRICANE_FL_2026,Will a named hurricane make Florida landfall in 2026?,0.2913,0.3178,295,64
2026-06-01T13:30:30+00:00,kalshi,KX_BIRDFLU_US_2026,Will US bird flu reports exceed threshold by Dec 2026?,0.4029,0.4399,72,162
2026-06-01T13:30:30+00:00,polymarket,PM_HEATWAVE_EU_2026,Will Europe record a severe heatwave in July 2026?,0.3368,0.3673,282,286
2026-06-01T13:30:30+00:00,polymarket,PM_HURRICANE_FL_2026,Will a named hurricane make Florida landfall in 2026?,0.2885,0.3186,203,132
2026-06-01T13:30:40+00:00,kalshi,KX_BIRDFLU_US_2026,Will US bird flu reports exceed threshold by Dec 2026?,0.4029,0.4422,209,197
2026-06-01T13:30:40+00:00,polymarket,PM_HEATWAVE_EU_2026,Will Europe record a severe heatwave in July 2026?,0.3377,0.3647,120,195
2026-06-01T13:30:40+00:00,polymarket,PM_HURRICANE_FL_2026,Will a named hurricane make Florida landfall in 2026?,0.2879,0.3179,221,58
2026-06-01T13:30:50+00:00,kalshi,KX_BIRDFLU_US_2026,Will US bird flu reports exceed threshold by Dec 2026?,0.4041,0.4305,49,147
2026-06-01T13:30:50+00:00,polymarket,PM_HEATWAVE_EU_2026,Will Europe record a severe heatwave in July 2026?,0.3422,0.3753,267,143
2026-06-01T13:30:50+00:00,polymarket,PM_HURRICANE_FL_2026,Will a named hurricane make Florida landfall in 2026?,0.2834,0.3232,277,212
2026-06-01T13:31:00+00:00,kalshi,KX_BIRDFLU_US_2026,Will US bird flu reports exceed threshold by Dec 2026?,0.3971,0.4353,270,119
2026-06-01T13:31:00+00:00,polymarket,PM_HEATWAVE_EU_2026,Will Europe record a severe heatwave in July 2026?,0.345,0.3772,206,193
2026-06-01T13:31:00+00:00,polymarket,PM_HURRICANE_FL_2026,Will a named hurricane make Florida landfall in 2026?,0.2911,0.3165,112,272
2026-06-01T13:31:10+00:00,kalshi,KX_BIRDFLU_US_2026,Will US bird flu reports exceed threshold by Dec 2026?,0.4001,0.4252,159,134
2026-06-01T13:31:10+00:00,polymarket,PM_HEATWAVE_EU_2026,Will Europe record a severe heatwave in July 2026?,0.3453,0.3873,203,42
2026-06-01T13:31:10+00:00,polymarket,PM_HURRICANE_FL_2026,Will a named hurricane make Florida landfall in 2026?,0.2783,0.3236,171,112
2026-06-01T13:31:20+00:00,kalshi,KX_BIRDFLU_US_2026,Will US bird flu reports exceed threshold by Dec 2026?,0.3933,0.428,52,103
2026-06-01T13:31:20+00:00,polymarket,PM_HEATWAVE_EU_2026,Will Europe record a severe heatwave in July 2026?,0.3569,0.3828,195,267
2026-06-01T13:31:20+00:00,polymarket,PM_HURRICANE_FL_2026,Will a named hurricane make Florida landfall in 2026?,0.2799,0.3197,87,239
2026-06-01T13:31:30+00:00,kalshi,KX_BIRDFLU_US_2026,Will US bird flu reports exceed threshold by Dec 2026?,0.386,0.426,26,231
2026-06-01T13:31:30+00:00,polymarket,PM_HEATWAVE_EU_2026,Will Europe record a severe heatwave in July 2026?,0.3495,0.3817,169,212
2026-06-01T13:31:30+00:00,polymarket,PM_HURRICANE_FL_2026,Will a named hurricane make Florida landfall in 2026?,0.2871,0.3158,295,53
2026-06-01T13:31:40+00:00,kalshi,KX_BIRDFLU_US_2026,Will US bird flu reports exceed threshold by Dec 2026?,0.3772,0.4284,66,230
2026-06-01T13:31:40+00:00,polymarket,PM_HEATWAVE_EU_2026,Will Europe record a severe heatwave in July 2026?,0.3489,0.3779,174,54
2026-06-01T13:31:40+00:00,polymarket,PM_HURRICANE_FL_2026,Will a named hurricane make Florida landfall in 2026?,0.2872,0.3143,150,103
2026-06-01T13:31:50+00:00,kalshi,KX_BIRDFLU_US_2026,Will US bird flu reports exceed threshold by Dec 2026?,0.3867,0.4179,59,137
2026-06-01T13:31:50+00:00,polymarket,PM_HEATWAVE_EU_2026,Will Europe record a severe heatwave in July 2026?,0.3475,0.3862,49,64
2026-06-01T13:31:50+00:00,polymarket,PM_HURRICANE_FL_2026,Will a named hurricane make Florida landfall in 2026?,0.2796,0.3217,87,223
2026-06-01T13:32:00+00:00,kalshi,KX_BIRDFLU_US_2026,Will US bird flu reports exceed threshold by Dec 2026?,0.3912,0.4199,52,194
2026-06-01T13:32:00+00:00,polymarket,PM_HEATWAVE_EU_2026,Will Europe record a severe heatwave in July 2026?,0.3472,0.3811,111,135
2026-06-01T13:32:00+00:00,polymarket,PM_HURRICANE_FL_2026,Will a named hurricane make Florida landfall in 2026?,0.2838,0.3112,130,162
2026-06-01T13:32:10+00:00,kalshi,KX_BIRDFLU_US_2026,Will US bird flu reports exceed threshold by Dec 2026?,0.387,0.4273,102,288
2026-06-01T13:32:10+00:00,polymarket,PM_HEATWAVE_EU_2026,Will Europe record a severe heatwave in July 2026?,0.3486,0.3858,158,182
2026-06-01T13:32:10+00:00,polymarket,PM_HURRICANE_FL_2026,Will a named hurricane make Florida landfall in 2026?,0.283,0.3089,55,280
2026-06-01T13:32:20+00:00,kalshi,KX_BIRDFLU_US_2026,Will US bird flu reports exceed threshold by Dec 2026?,0.39,0.424,42,147
2026-06-01T13:32:20+00:00,polymarket,PM_HEATWAVE_EU_2026,Will Europe record a severe heatwave in July 2026?,0.3506,0.3856,66,71
2026-06-01T13:32:20+00:00,polymarket,PM_HURRICANE_FL_2026,Will a named hurricane make Florida landfall in 2026?,0.2794,0.314,74,63
2026-06-01T13:32:30+00:00,kalshi,KX_BIRDFLU_US_2026,Will US bird flu reports exceed threshold by Dec 2026?,0.3897,0.4241,179,84
2026-06-01T13:32:30+00:00,polymarket,PM_HEATWAVE_EU_2026,Will Europe record a severe heatwave in July 2026?,0.3436,0.3851,176,152
2026-06-01T13:32:30+00:00,polymarket,PM_HURRICANE_FL_2026,Will a named hurricane make Florida landfall in 2026?,0.2758,0.3187,59,151
2026-06-01T13:32:40+00:00,kalshi,KX_BIRDFLU_US_2026,Will US bird flu reports exceed threshold by Dec 2026?,0.3964,0.4241,173,125
2026-06-01T13:32:40+00:00,polymarket,PM_HEATWAVE_EU_2026,Will Europe record a severe heatwave in July 2026?,0.3544,0.3826,125,294
2026-06-01T13:32:40+00:00,polymarket,PM_HURRICANE_FL_2026,Will a named hurricane make Florida landfall in 2026?,0.2822,0.3083,156,74
2026-06-01T13:32:50+00:00,kalshi,KX_BIRDFLU_US_2026,Will US bird flu reports exceed threshold by Dec 2026?,0.3894,0.4222,285,82
2026-06-01T13:32:50+00:00,polymarket,PM_HEATWAVE_EU_2026,Will Europe record a severe heatwave in July 2026?,0.3509,0.3763,169,26
2026-06-01T13:32:50+00:00,polymarket,PM_HURRICANE_FL_2026,Will a named hurricane make Florida landfall in 2026?,0.286,0.3119,64,155
2026-06-01T13:33:00+00:00,kalshi,KX_BIRDFLU_US_2026,Will US bird flu reports exceed threshold by Dec 2026?,0.3958,0.4265,172,252
2026-06-01T13:33:00+00:00,polymarket,PM_HEATWAVE_EU_2026,Will Europe record a severe heatwave in July 2026?,0.3493,0.383,36,79
2026-06-01T13:33:00+00:00,polymarket,PM_HURRICANE_FL_2026,Will a named hurricane make Florida landfall in 2026?,0.2802,0.3279,120,200
2026-06-01T13:33:10+00:00,kalshi,KX_BIRDFLU_US_2026,Will US bird flu reports exceed threshold by Dec 2026?,0.3927,0.4293,286,66
2026-06-01T13:33:10+00:00,polymarket,PM_HEATWAVE_EU_2026,Will Europe record a severe heatwave in July 2026?,0.3466,0.3815,287,281
2026-06-01T13:33:10+00:00,polymarket,PM_HURRICANE_FL_2026,Will a named hurricane make Florida landfall in 2026?,0.2867,0.3217,246,32
2026-06-01T13:33:20+00:00,kalshi,KX_BIRDFLU_US_2026,Will US bird flu reports exceed threshold by Dec 2026?,0.3998,0.4305,283,222
2026-06-01T13:33:20+00:00,polymarket,PM_HEATWAVE_EU_2026,Will Europe record a severe heatwave in July 2026?,0.3449,0.38,139,105
2026-06-01T13:33:20+00:00,polymarket,PM_HURRICANE_FL_2026,Will a named hurricane make Florida landfall in 2026?,0.2912,0.3176,126,130
2026-06-01T13:33:30+00:00,kalshi,KX_BIRDFLU_US_2026,Will US bird flu reports exceed threshold by Dec 2026?,0.3962,0.4366,33,123
2026-06-01T13:33:30+00:00,polymarket,PM_HEATWAVE_EU_2026,Will Europe record a severe heatwave in July 2026?,0.346,0.3868,146,283
2026-06-01T13:33:30+00:00,polymarket,PM_HURRICANE_FL_2026,Will a named hurricane make Florida landfall in 2026?,0.2899,0.3176,254,37
2026-06-01T13:33:40+00:00,kalshi,KX_BIRDFLU_US_2026,Will US bird flu reports exceed threshold by Dec 2026?,0.3998,0.4409,179,260
2026-06-01T13:33:40+00:00,polymarket,PM_HEATWAVE_EU_2026,Will Europe record a severe heatwave in July 2026?,0.3524,0.3871,97,116
2026-06-01T13:33:40+00:00,polymarket,PM_HURRICANE_FL_2026,Will a named hurricane make Florida landfall in 2026?,0.2877,0.3184,125,202
2026-06-01T13:33:50+00:00,kalshi,KX_BIRDFLU_US_2026,Will US bird flu reports exceed threshold by Dec 2026?,0.408,0.4337,34,195
2026-06-01T13:33:50+00:00,polymarket,PM_HEATWAVE_EU_2026,Will Europe record a severe heatwave in July 2026?,0.3599,0.3885,125,77
2026-06-01T13:33:50+00:00,polymarket,PM_HURRICANE_FL_2026,Will a named hurricane make Florida landfall in 2026?,0.2837,0.3145,169,280
2026-06-01T13:34:00+00:00,kalshi,KX_BIRDFLU_US_2026,Will US bird flu reports exceed threshold by Dec 2026?,0.409,0.4371,236,220
2026-06-01T13:34:00+00:00,polymarket,PM_HEATWAVE_EU_2026,Will Europe record a severe heatwave in July 2026?,0.358,0.3916,30,189
2026-06-01T13:34:00+00:00,polymarket,PM_HURRICANE_FL_2026,Will a named hurricane make Florida landfall in 2026?,0.2868,0.3167,282,245
2026-06-01T13:34:10+00:00,kalshi,KX_BIRDFLU_US_2026,Will US bird flu reports exceed threshold by Dec 2026?,0.4066,0.4414,105,30
2026-06-01T13:34:10+00:00,polymarket,PM_HEATWAVE_EU_2026,Will Europe record a severe heatwave in July 2026?,0.3669,0.3928,157,30
2026-06-01T13:34:10+00:00,polymarket,PM_HURRICANE_FL_2026,Will a named hurricane make Florida landfall in 2026?,0.2868,0.318,267,203
2026-06-01T13:34:20+00:00,kalshi,KX_BIRDFLU_US_2026,Will US bird flu reports exceed threshold by Dec 2026?,0.4103,0.4383,133,184
2026-06-01T13:34:20+00:00,polymarket,PM_HEATWAVE_EU_2026,Will Europe record a severe heatwave in July 2026?,0.3545,0.3891,190,129
2026-06-01T13:34:20+00:00,polymarket,PM_HURRICANE_FL_2026,Will a named hurricane make Florida landfall in 2026?,0.2848,0.3197,250,83
2026-06-01T13:34:30+00:00,kalshi,KX_BIRDFLU_US_2026,Will US bird flu reports exceed threshold by Dec 2026?,0.4035,0.4435,226,128
2026-06-01T13:34:30+00:00,polymarket,PM_HEATWAVE_EU_2026,Will Europe record a severe heatwave in July 2026?,0.3608,0.3974,157,65
2026-06-01T13:34:30+00:00,polymarket,PM_HURRICANE_FL_2026,Will a named hurricane make Florida landfall in 2026?,0.2769,0.3133,97,137
2026-06-01T13:34:40+00:00,kalshi,KX_BIRDFLU_US_2026,Will US bird flu reports exceed threshold by Dec 2026?,0.4071,0.4401,98,143
2026-06-01T13:34:40+00:00,polymarket,PM_HEATWAVE_EU_2026,Will Europe record a severe heatwave in July 2026?,0.3591,0.4018,113,125
2026-06-01T13:34:40+00:00,polymarket,PM_HURRICANE_FL_2026,Will a named hurricane make Florida landfall in 2026?,0.2797,0.3125,136,65
2026-06-01T13:34:50+00:00,kalshi,KX_BIRDFLU_US_2026,Will US bird flu reports exceed threshold by Dec 2026?,0.4083,0.4467,138,52
2026-06-01T13:34:50+00:00,polymarket,PM_HEATWAVE_EU_2026,Will Europe record a severe heatwave in July 2026?,0.3651,0.3947,186,223
2026-06-01T13:34:50+00:00,polymarket,PM_HURRICANE_FL_2026,Will a named hurricane make Florida landfall in 2026?,0.2779,0.3166,285,289
2026-06-01T13:35:00+00:00,kalshi,KX_BIRDFLU_US_2026,Will US bird flu reports exceed threshold by Dec 2026?,0.4102,0.4414,71,36
2026-06-01T13:35:00+00:00,polymarket,PM_HEATWAVE_EU_2026,Will Europe record a severe heatwave in July 2026?,0.3649,0.397,177,274
2026-06-01T13:35:00+00:00,polymarket,PM_HURRICANE_FL_2026,Will a named hurricane make Florida landfall in 2026?,0.2768,0.3173,228,68
2026-06-01T13:35:10+00:00,kalshi,KX_BIRDFLU_US_2026,Will US bird flu reports exceed threshold by Dec 2026?,0.4158,0.4453,169,264
2026-06-01T13:35:10+00:00,polymarket,PM_HEATWAVE_EU_2026,Will Europe record a severe heatwave in July 2026?,0.3719,0.397,58,138
2026-06-01T13:35:10+00:00,polymarket,PM_HURRICANE_FL_2026,Will a named hurricane make Florida landfall in 2026?,0.2766,0.317,84,286
2026-06-01T13:35:20+00:00,kalshi,KX_BIRDFLU_US_2026,Will US bird flu reports exceed threshold by Dec 2026?,0.417,0.4483,26,104
2026-06-01T13:35:20+00:00,polymarket,PM_HEATWAVE_EU_2026,Will Europe record a severe heatwave in July 2026?,0.3718,0.3983,153,83
2026-06-01T13:35:20+00:00,polymarket,PM_HURRICANE_FL_2026,Will a named hurricane make Florida landfall in 2026?,0.2782,0.3127,176,28
2026-06-01T13:35:30+00:00,kalshi,KX_BIRDFLU_US_2026,Will US bird flu reports exceed threshold by Dec 2026?,0.4186,0.4467,269,43
2026-06-01T13:35:30+00:00,polymarket,PM_HEATWAVE_EU_2026,Will Europe record a severe heatwave in July 2026?,0.3688,0.3957,196,265
2026-06-01T13:35:30+00:00,polymarket,PM_HURRICANE_FL_2026,Will a named hurricane make Florida landfall in 2026?,0.2807,0.3135,27,261
2026-06-01T13:35:40+00:00,kalshi,KX_BIRDFLU_US_2026,Will US bird flu reports exceed threshold by Dec 2026?,0.4134,0.4589,93,258
2026-06-01T13:35:40+00:00,polymarket,PM_HEATWAVE_EU_2026,Will Europe record a severe heatwave in July 2026?,0.3664,0.399,159,151
2026-06-01T13:35:40+00:00,polymarket,PM_HURRICANE_FL_2026,Will a named hurricane make Florida landfall in 2026?,0.2802,0.3103,196,64
2026-06-01T13:35:50+00:00,kalshi,KX_BIRDFLU_US_2026,Will US bird flu reports exceed threshold by Dec 2026?,0.4174,0.449,27,25
2026-06-01T13:35:50+00:00,polymarket,PM_HEATWAVE_EU_2026,Will Europe record a severe heatwave in July 2026?,0.3724,0.3982,58,58
2026-06-01T13:35:50+00:00,polymarket,PM_HURRICANE_FL_2026,Will a named hurricane make Florida landfall in 2026?,0.2736,0.3158,196,147
2026-06-01T13:36:00+00:00,kalshi,KX_BIRDFLU_US_2026,Will US bird flu reports exceed threshold by Dec 2026?,0.4218,0.4476,286,289
2026-06-01T13:36:00+00:00,polymarket,PM_HEATWAVE_EU_2026,Will Europe record a severe heatwave in July 2026?,0.366,0.3982,145,34
2026-06-01T13:36:00+00:00,polymarket,PM_HURRICANE_FL_2026,Will a named hurricane make Florida landfall in 2026?,0.2812,0.3097,31,180
2026-06-01T13:36:10+00:00,kalshi,KX_BIRDFLU_US_2026,Will US bird flu reports exceed threshold by Dec 2026?,0.4251,0.4514,112,136
2026-06-01T13:36:10+00:00,polymarket,PM_HEATWAVE_EU_2026,Will Europe record a severe heatwave in July 2026?,0.3716,0.3995,246,136
2026-06-01T13:36:10+00:00,polymarket,PM_HURRICANE_FL_2026,Will a named hurricane make Florida landfall in 2026?,0.2801,0.3058,243,155
2026-06-01T13:36:20+00:00,kalshi,KX_BIRDFLU_US_2026,Will US bird flu reports exceed threshold by Dec 2026?,0.4164,0.4529,259,264
2026-06-01T13:36:20+00:00,polymarket,PM_HEATWAVE_EU_2026,Will Europe record a severe heatwave in July 2026?,0.3707,0.3987,271,37
2026-06-01T13:36:20+00:00,polymarket,PM_HURRICANE_FL_2026,Will a named hurricane make Florida landfall in 2026?,0.2814,0.3091,196,67
2026-06-01T13:36:30+00:00,kalshi,KX_BIRDFLU_US_2026,Will US bird flu reports exceed threshold by Dec 2026?,0.4226,0.4505,74,172
2026-06-01T13:36:30+00:00,polymarket,PM_HEATWAVE_EU_2026,Will Europe record a severe heatwave in July 2026?,0.3715,0.4015,92,284
2026-06-01T13:36:30+00:00,polymarket,PM_HURRICANE_FL_2026,Will a named hurricane make Florida landfall in 2026?,0.2844,0.312,125,97
2026-06-01T13:36:40+00:00,kalshi,KX_BIRDFLU_US_2026,Will US bird flu reports exceed threshold by Dec 2026?,0.4233,0.4551,193,295
2026-06-01T13:36:40+00:00,polymarket,PM_HEATWAVE_EU_2026,Will Europe record a severe heatwave in July 2026?,0.3698,0.3962,287,152
2026-06-01T13:36:40+00:00,polymarket,PM_HURRICANE_FL_2026,Will a named hurricane make Florida landfall in 2026?,0.2805,0.3222,53,88
2026-06-01T13:36:50+00:00,kalshi,KX_BIRDFLU_US_2026,Will US bird flu reports exceed threshold by Dec 2026?,0.4215,0.4519,241,92
2026-06-01T13:36:50+00:00,polymarket,PM_HEATWAVE_EU_2026,Will Europe record a severe heatwave in July 2026?,0.3617,0.4043,113,183
2026-06-01T13:36:50+00:00,polymarket,PM_HURRICANE_FL_2026,Will a named hurricane make Florida landfall in 2026?,0.2849,0.315,81,98
2026-06-01T13:37:00+00:00,kalshi,KX_BIRDFLU_US_2026,Will US bird flu reports exceed threshold by Dec 2026?,0.4156,0.4452,265,212
2026-06-01T13:37:00+00:00,polymarket,PM_HEATWAVE_EU_2026,Will Europe record a severe heatwave in July 2026?,0.3644,0.4009,263,117
2026-06-01T13:37:00+00:00,polymarket,PM_HURRICANE_FL_2026,Will a named hurricane make Florida landfall in 2026?,0.284,0.3103,142,28
2026-06-01T13:37:10+00:00,kalshi,KX_BIRDFLU_US_2026,Will US bird flu reports exceed threshold by Dec 2026?,0.4126,0.4402,25,67
2026-06-01T13:37:10+00:00,polymarket,PM_HEATWAVE_EU_2026,Will Europe record a severe heatwave in July 2026?,0.371,0.4011,226,30
2026-06-01T13:37:10+00:00,polymarket,PM_HURRICANE_FL_2026,Will a named hurricane make Florida landfall in 2026?,0.2907,0.3167,288,280
2026-06-01T13:37:20+00:00,kalshi,KX_BIRDFLU_US_2026,Will US bird flu reports exceed threshold by Dec 2026?,0.3968,0.4392,78,58
2026-06-01T13:37:20+00:00,polymarket,PM_HEATWAVE_EU_2026,Will Europe record a severe heatwave in July 2026?,0.3724,0.3995,107,77
2026-06-01T13:37:20+00:00,polymarket,PM_HURRICANE_FL_2026,Will a named hurricane make Florida landfall in 2026?,0.2863,0.3124,294,204
2026-06-01T13:37:30+00:00,kalshi,KX_BIRDFLU_US_2026,Will US bird flu reports exceed threshold by Dec 2026?,0.406,0.4339,273,189
2026-06-01T13:37:30+00:00,polymarket,PM_HEATWAVE_EU_2026,Will Europe record a severe heatwave in July 2026?,0.3714,0.3985,179,206
2026-06-01T13:37:30+00:00,polymarket,PM_HURRICANE_FL_2026,Will a named hurricane make Florida landfall in 2026?,0.2827,0.3151,38,267
2026-06-01T13:37:40+00:00,kalshi,KX_BIRDFLU_US_2026,Will US bird flu reports exceed threshold by Dec 2026?,0.4012,0.4302,149,95
2026-06-01T13:37:40+00:00,polymarket,PM_HEATWAVE_EU_2026,Will Europe record a severe heatwave in July 2026?,0.3704,0.3975,48,45
2026-06-01T13:37:40+00:00,polymarket,PM_HURRICANE_FL_2026,Will a named hurricane make Florida landfall in 2026?,0.2798,0.318,177,266
2026-06-01T13:37:50+00:00,kalshi,KX_BIRDFLU_US_2026,Will US bird flu reports exceed threshold by Dec 2026?,0.4052,0.4305,213,52
2026-06-01T13:37:50+00:00,polymarket,PM_HEATWAVE_EU_2026,Will Europe record a severe heatwave in July 2026?,0.3698,0.3967,283,92
2026-06-01T13:37:50+00:00,polymarket,PM_HURRICANE_FL_2026,Will a named hurricane make Florida landfall in 2026?,0.2875,0.3137,225,108
2026-06-01T13:38:00+00:00,kalshi,KX_BIRDFLU_US_2026,Will US bird flu reports exceed threshold by Dec 2026?,0.4057,0.4333,157,231
2026-06-01T13:38:00+00:00,polymarket,PM_HEATWAVE_EU_2026,Will Europe record a severe heatwave in July 2026?,0.3647,0.4007,130,127
2026-06-01T13:38:00+00:00,polymarket,PM_HURRICANE_FL_2026,Will a named hurricane make Florida landfall in 2026?,0.2856,0.319,203,226
2026-06-01T13:38:10+00:00,kalshi,KX_BIRDFLU_US_2026,Will US bird flu reports exceed threshold by Dec 2026?,0.4023,0.4447,94,122
2026-06-01T13:38:10+00:00,polymarket,PM_HEATWAVE_EU_2026,Will Europe record a severe heatwave in July 2026?,0.3618,0.3988,123,42
2026-06-01T13:38:10+00:00,polymarket,PM_HURRICANE_FL_2026,Will a named hurricane make Florida landfall in 2026?,0.2813,0.3179,183,35
2026-06-01T13:38:20+00:00,kalshi,KX_BIRDFLU_US_2026,Will US bird flu reports exceed threshold by Dec 2026?,0.4167,0.4466,237,24
2026-06-01T13:38:20+00:00,polymarket,PM_HEATWAVE_EU_2026,Will Europe record a severe heatwave in July 2026?,0.3671,0.3977,56,64
2026-06-01T13:38:20+00:00,polymarket,PM_HURRICANE_FL_2026,Will a named hurricane make Florida landfall in 2026?,0.2843,0.319,218,232
2026-06-01T13:38:30+00:00,kalshi,KX_BIRDFLU_US_2026,Will US bird flu reports exceed threshold by Dec 2026?,0.4113,0.4463,64,260
2026-06-01T13:38:30+00:00,polymarket,PM_HEATWAVE_EU_2026,Will Europe record a severe heatwave in July 2026?,0.3668,0.4035,26,91
2026-06-01T13:38:30+00:00,polymarket,PM_HURRICANE_FL_2026,Will a named hurricane make Florida landfall in 2026?,0.2863,0.3121,159,56
2026-06-01T13:38:40+00:00,kalshi,KX_BIRDFLU_US_2026,Will US bird flu reports exceed threshold by Dec 2026?,0.406,0.4461,168,257
2026-06-01T13:38:40+00:00,polymarket,PM_HEATWAVE_EU_2026,Will Europe record a severe heatwave in July 2026?,0.3656,0.3977,45,276
2026-06-01T13:38:40+00:00,polymarket,PM_HURRICANE_FL_2026,Will a named hurricane make Florida landfall in 2026?,0.2856,0.3185,219,283
2026-06-01T13:38:50+00:00,kalshi,KX_BIRDFLU_US_2026,Will US bird flu reports exceed threshold by Dec 2026?,0.4109,0.4378,153,148
2026-06-01T13:38:50+00:00,polymarket,PM_HEATWAVE_EU_2026,Will Europe record a severe heatwave in July 2026?,0.3655,0.3967,285,51
2026-06-01T13:38:50+00:00,polymarket,PM_HURRICANE_FL_2026,Will a named hurricane make Florida landfall in 2026?,0.2837,0.3155,247,53
2026-06-01T13:39:00+00:00,kalshi,KX_BIRDFLU_US_2026,Will US bird flu reports exceed threshold by Dec 2026?,0.4088,0.4458,266,245
2026-06-01T13:39:00+00:00,polymarket,PM_HEATWAVE_EU_2026,Will Europe record a severe heatwave in July 2026?,0.3733,0.4025,249,249
2026-06-01T13:39:00+00:00,polymarket,PM_HURRICANE_FL_2026,Will a named hurricane make Florida landfall in 2026?,0.2845,0.3106,294,101
2026-06-01T13:39:10+00:00,kalshi,KX_BIRDFLU_US_2026,Will US bird flu reports exceed threshold by Dec 2026?,0.4127,0.4428,69,105
2026-06-01T13:39:10+00:00,polymarket,PM_HEATWAVE_EU_2026,Will Europe record a severe heatwave in July 2026?,0.3752,0.4022,60,53
2026-06-01T13:39:10+00:00,polymarket,PM_HURRICANE_FL_2026,Will a named hurricane make Florida landfall in 2026?,0.2782,0.3165,172,288
2026-06-01T13:39:20+00:00,kalshi,KX_BIRDFLU_US_2026,Will US bird flu reports exceed threshold by Dec 2026?,0.404,0.4395,31,227
2026-06-01T13:39:20+00:00,polymarket,PM_HEATWAVE_EU_2026,Will Europe record a severe heatwave in July 2026?,0.3722,0.4041,195,131
2026-06-01T13:39:20+00:00,polymarket,PM_HURRICANE_FL_2026,Will a named hurricane make Florida landfall in 2026?,0.2805,0.308,116,238
2026-06-01T13:39:30+00:00,kalshi,KX_BIRDFLU_US_2026,Will US bird flu reports exceed threshold by Dec 2026?,0.4054,0.432,293,139
2026-06-01T13:39:30+00:00,polymarket,PM_HEATWAVE_EU_2026,Will Europe record a severe heatwave in July 2026?,0.3736,0.4016,78,90
2026-06-01T13:39:30+00:00,polymarket,PM_HURRICANE_FL_2026,Will a named hurricane make Florida landfall in 2026?,0.2783,0.3057,231,63
2026-06-01T13:39:40+00:00,kalshi,KX_BIRDFLU_US_2026,Will US bird flu reports exceed threshold by Dec 2026?,0.4038,0.4321,40,68
2026-06-01T13:39:40+00:00,polymarket,PM_HEATWAVE_EU_2026,Will Europe record a severe heatwave in July 2026?,0.3641,0.4036,49,203
2026-06-01T13:39:40+00:00,polymarket,PM_HURRICANE_FL_2026,Will a named hurricane make Florida landfall in 2026?,0.2765,0.3171,156,270
2026-06-01T13:39:50+00:00,kalshi,KX_BIRDFLU_US_2026,Will US bird flu reports exceed threshold by Dec 2026?,0.4033,0.4388,231,106
2026-06-01T13:39:50+00:00,polymarket,PM_HEATWAVE_EU_2026,Will Europe record a severe heatwave in July 2026?,0.3662,0.4028,70,68
2026-06-01T13:39:50+00:00,polymarket,PM_HURRICANE_FL_2026,Will a named hurricane make Florida landfall in 2026?,0.2773,0.3172,180,274
2026-06-01T13:40:00+00:00,kalshi,KX_BIRDFLU_US_2026,Will US bird flu reports exceed threshold by Dec 2026?,0.4019,0.4408,58,163
2026-06-01T13:40:00+00:00,polymarket,PM_HEATWAVE_EU_2026,Will Europe record a severe heatwave in July 2026?,0.3686,0.3987,211,80
2026-06-01T13:40:00+00:00,polymarket,PM_HURRICANE_FL_2026,Will a named hurricane make Florida landfall in 2026?,0.2862,0.3186,215,48
2026-06-01T13:40:10+00:00,kalshi,KX_BIRDFLU_US_2026,Will US bird flu reports exceed threshold by Dec 2026?,0.4039,0.4429,232,37
2026-06-01T13:40:10+00:00,polymarket,PM_HEATWAVE_EU_2026,Will Europe record a severe heatwave in July 2026?,0.3723,0.4027,42,45
2026-06-01T13:40:10+00:00,polymarket,PM_HURRICANE_FL_2026,Will a named hurricane make Florida landfall in 2026?,0.2851,0.3142,122,61
2026-06-01T13:40:20+00:00,kalshi,KX_BIRDFLU_US_2026,Will US bird flu reports exceed threshold by Dec 2026?,0.405,0.4457,63,260
2026-06-01T13:40:20+00:00,polymarket,PM_HEATWAVE_EU_2026,Will Europe record a severe heatwave in July 2026?,0.3731,0.3987,75,291
2026-06-01T13:40:20+00:00,polymarket,PM_HURRICANE_FL_2026,Will a named hurricane make Florida landfall in 2026?,0.2773,0.3157,184,217
2026-06-01T13:40:30+00:00,kalshi,KX_BIRDFLU_US_2026,Will US bird flu reports exceed threshold by Dec 2026?,0.4094,0.4382,62,288
2026-06-01T13:40:30+00:00,polymarket,PM_HEATWAVE_EU_2026,Will Europe record a severe heatwave in July 2026?,0.368,0.4121,39,207
2026-06-01T13:40:30+00:00,polymarket,PM_HURRICANE_FL_2026,Will a named hurricane make Florida landfall in 2026?,0.2865,0.3123,167,198
2026-06-01T13:40:40+00:00,kalshi,KX_BIRDFLU_US_2026,Will US bird flu reports exceed threshold by Dec 2026?,0.4091,0.439,277,83
2026-06-01T13:40:40+00:00,polymarket,PM_HEATWAVE_EU_2026,Will Europe record a severe heatwave in July 2026?,0.3729,0.4005,34,34
2026-06-01T13:40:40+00:00,polymarket,PM_HURRICANE_FL_2026,Will a named hurricane make Florida landfall in 2026?,0.2852,0.3161,89,236
2026-06-01T13:40:50+00:00,kalshi,KX_BIRDFLU_US_2026,Will US bird flu reports exceed threshold by Dec 2026?,0.4073,0.4456,84,71
2026-06-01T13:40:50+00:00,polymarket,PM_HEATWAVE_EU_2026,Will Europe record a severe heatwave in July 2026?,0.3711,0.401,257,153
2026-06-01T13:40:50+00:00,polymarket,PM_HURRICANE_FL_2026,Will a named hurricane make Florida landfall in 2026?,0.2836,0.3139,215,24
2026-06-01T13:41:00+00:00,kalshi,KX_BIRDFLU_US_2026,Will US bird flu reports exceed threshold by Dec 2026?,0.4028,0.4484,238,212
2026-06-01T13:41:00+00:00,polymarket,PM_HEATWAVE_EU_2026,Will Europe record a severe heatwave in July 2026?,0.3737,0.4099,213,148
2026-06-01T13:41:00+00:00,polymarket,PM_HURRICANE_FL_2026,Will a named hurricane make Florida landfall in 2026?,0.2823,0.3154,132,278
2026-06-01T13:41:10+00:00,kalshi,KX_BIRDFLU_US_2026,Will US bird flu reports exceed threshold by Dec 2026?,0.4094,0.4414,198,287
2026-06-01T13:41:10+00:00,polymarket,PM_HEATWAVE_EU_2026,Will Europe record a severe heatwave in July 2026?,0.3786,0.4037,115,180
2026-06-01T13:41:10+00:00,polymarket,PM_HURRICANE_FL_2026,Will a named hurricane make Florida landfall in 2026?,0.2856,0.3125,24,20
2026-06-01T13:41:20+00:00,kalshi,KX_BIRDFLU_US_2026,Will US bird flu reports exceed threshold by Dec 2026?,0.4072,0.44,41,234
2026-06-01T13:41:20+00:00,polymarket,PM_HEATWAVE_EU_2026,Will Europe record a severe heatwave in July 2026?,0.3738,0.404,63,120
2026-06-01T13:41:20+00:00,polymarket,PM_HURRICANE_FL_2026,Will a named hurricane make Florida landfall in 2026?,0.2842,0.3125,69,254
2026-06-01T13:41:30+00:00,kalshi,KX_BIRDFLU_US_2026,Will US bird flu reports exceed threshold by Dec 2026?,0.407,0.4392,124,52
2026-06-01T13:41:30+00:00,polymarket,PM_HEATWAVE_EU_2026,Will Europe record a severe heatwave in July 2026?,0.3607,0.4132,60,213
2026-06-01T13:41:30+00:00,polymarket,PM_HURRICANE_FL_2026,Will a named hurricane make Florida landfall in 2026?,0.2854,0.312,182,104
2026-06-01T13:41:40+00:00,kalshi,KX_BIRDFLU_US_2026,Will US bird flu reports exceed threshold by Dec 2026?,0.4076,0.4397,99,211
2026-06-01T13:41:40+00:00,polymarket,PM_HEATWAVE_EU_2026,Will Europe record a severe heatwave in July 2026?,0.3719,0.4028,68,61
2026-06-01T13:41:40+00:00,polymarket,PM_HURRICANE_FL_2026,Will a named hurricane make Florida landfall in 2026?,0.2856,0.3134,193,234
2026-06-01T13:41:50+00:00,kalshi,KX_BIRDFLU_US_2026,Will US bird flu reports exceed threshold by Dec 2026?,0.399,0.4464,282,130
2026-06-01T13:41:50+00:00,polymarket,PM_HEATWAVE_EU_2026,Will Europe record a severe heatwave in July 2026?,0.3716,0.4034,151,270
2026-06-01T13:41:50+00:00,polymarket,PM_HURRICANE_FL_2026,Will a named hurricane make Florida landfall in 2026?,0.2849,0.3146,113,190
2026-06-01T13:42:00+00:00,kalshi,KX_BIRDFLU_US_2026,Will US bird flu reports exceed threshold by Dec 2026?,0.4034,0.4335,252,122
2026-06-01T13:42:00+00:00,polymarket,PM_HEATWAVE_EU_2026,Will Europe record a severe heatwave in July 2026?,0.3685,0.4017,75,55
2026-06-01T13:42:00+00:00,polymarket,PM_HURRICANE_FL_2026,Will a named hurricane make Florida landfall in 2026?,0.2848,0.3164,165,164
2026-06-01T13:42:10+00:00,kalshi,KX_BIRDFLU_US_2026,Will US bird flu reports exceed threshold by Dec 2026?,0.4075,0.4356,290,123
2026-06-01T13:42:10+00:00,polymarket,PM_HEATWAVE_EU_2026,Will Europe record a severe heatwave in July 2026?,0.377,0.4042,74,291
2026-06-01T13:42:10+00:00,polymarket,PM_HURRICANE_FL_2026,Will a named hurricane make Florida landfall in 2026?,0.2816,0.3126,280,274
2026-06-01T13:42:20+00:00,kalshi,KX_BIRDFLU_US_2026,Will US bird flu reports exceed threshold by Dec 2026?,0.4088,0.4347,73,66
2026-06-01T13:42:20+00:00,polymarket,PM_HEATWAVE_EU_2026,Will Europe record a severe heatwave in July 2026?,0.3765,0.4071,115,268
2026-06-01T13:42:20+00:00,polymarket,PM_HURRICANE_FL_2026,Will a named hurricane make Florida landfall in 2026?,0.2856,0.3121,192,51
2026-06-01T13:42:30+00:00,kalshi,KX_BIRDFLU_US_2026,Will US bird flu reports exceed threshold by Dec 2026?,0.4092,0.4368,193,29
2026-06-01T13:42:30+00:00,polymarket,PM_HEATWAVE_EU_2026,Will Europe record a severe heatwave in July 2026?,0.3783,0.4112,193,194
2026-06-01T13:42:30+00:00,polymarket,PM_HURRICANE_FL_2026,Will a named hurricane make Florida landfall in 2026?,0.2807,0.3157,207,275
2026-06-01T13:42:40+00:00,kalshi,KX_BIRDFLU_US_2026,Will US bird flu reports exceed threshold by Dec 2026?,0.4061,0.4399,45,185
2026-06-01T13:42:40+00:00,polymarket,PM_HEATWAVE_EU_2026,Will Europe record a severe heatwave in July 2026?,0.3769,0.4047,25,119
2026-06-01T13:42:40+00:00,polymarket,PM_HURRICANE_FL_2026,Will a named hurricane make Florida landfall in 2026?,0.285,0.3145,153,233
2026-06-01T13:42:50+00:00,kalshi,KX_BIRDFLU_US_2026,Will US bird flu reports exceed threshold by Dec 2026?,0.41,0.4387,66,270
2026-06-01T13:42:50+00:00,polymarket,PM_HEATWAVE_EU_2026,Will Europe record a severe heatwave in July 2026?,0.3769,0.409,186,68
2026-06-01T13:42:50+00:00,polymarket,PM_HURRICANE_FL_2026,Will a named hurricane make Florida landfall in 2026?,0.2897,0.3189,41,122
2026-06-01T13:43:00+00:00,kalshi,KX_BIRDFLU_US_2026,Will US bird flu reports exceed threshold by Dec 2026?,0.4171,0.4441,255,186
2026-06-01T13:43:00+00:00,polymarket,PM_HEATWAVE_EU_2026,Will Europe record a severe heatwave in July 2026?,0.3774,0.4057,222,208
2026-06-01T13:43:00+00:00,polymarket,PM_HURRICANE_FL_2026,Will a named hurricane make Florida landfall in 2026?,0.2832,0.3194,88,170
2026-06-01T13:43:10+00:00,kalshi,KX_BIRDFLU_US_2026,Will US bird flu reports exceed threshold by Dec 2026?,0.4133,0.439,69,83
2026-06-01T13:43:10+00:00,polymarket,PM_HEATWAVE_EU_2026,Will Europe record a severe heatwave in July 2026?,0.3745,0.4075,172,263
2026-06-01T13:43:10+00:00,polymarket,PM_HURRICANE_FL_2026,Will a named hurricane make Florida landfall in 2026?,0.2833,0.3242,58,132
2026-06-01T13:43:20+00:00,kalshi,KX_BIRDFLU_US_2026,Will US bird flu reports exceed threshold by Dec 2026?,0.416,0.4434,190,290
2026-06-01T13:43:20+00:00,polymarket,PM_HEATWAVE_EU_2026,Will Europe record a severe heatwave in July 2026?,0.3775,0.411,92,36
2026-06-01T13:43:20+00:00,polymarket,PM_HURRICANE_FL_2026,Will a named hurricane make Florida landfall in 2026?,0.291,0.3188,102,282
2026-06-01T13:43:30+00:00,kalshi,KX_BIRDFLU_US_2026,Will US bird flu reports exceed threshold by Dec 2026?,0.4146,0.4567,214,155
2026-06-01T13:43:30+00:00,polymarket,PM_HEATWAVE_EU_2026,Will Europe record a severe heatwave in July 2026?,0.38,0.4113,298,69
2026-06-01T13:43:30+00:00,polymarket,PM_HURRICANE_FL_2026,Will a named hurricane make Florida landfall in 2026?,0.291,0.3223,189,174
2026-06-01T13:43:40+00:00,kalshi,KX_BIRDFLU_US_2026,Will US bird flu reports exceed threshold by Dec 2026?,0.4174,0.4432,85,261
2026-06-01T13:43:40+00:00,polymarket,PM_HEATWAVE_EU_2026,Will Europe record a severe heatwave in July 2026?,0.3868,0.4121,118,227
2026-06-01T13:43:40+00:00,polymarket,PM_HURRICANE_FL_2026,Will a named hurricane make Florida landfall in 2026?,0.2916,0.3181,227,277
2026-06-01T13:43:50+00:00,kalshi,KX_BIRDFLU_US_2026,Will US bird flu reports exceed threshold by Dec 2026?,0.4051,0.4568,281,263
2026-06-01T13:43:50+00:00,polymarket,PM_HEATWAVE_EU_2026,Will Europe record a severe heatwave in July 2026?,0.3853,0.4197,212,47
2026-06-01T13:43:50+00:00,polymarket,PM_HURRICANE_FL_2026,Will a named hurricane make Florida landfall in 2026?,0.2938,0.3227,62,67
2026-06-01T13:44:00+00:00,kalshi,KX_BIRDFLU_US_2026,Will US bird flu reports exceed threshold by Dec 2026?,0.4175,0.4472,128,263
2026-06-01T13:44:00+00:00,polymarket,PM_HEATWAVE_EU_2026,Will Europe record a severe heatwave in July 2026?,0.3838,0.4133,144,250
2026-06-01T13:44:00+00:00,polymarket,PM_HURRICANE_FL_2026,Will a named hurricane make Florida landfall in 2026?,0.2933,0.3227,220,194
2026-06-01T13:44:10+00:00,kalshi,KX_BIRDFLU_US_2026,Will US bird flu reports exceed threshold by Dec 2026?,0.42,0.4487,36,20
2026-06-01T13:44:10+00:00,polymarket,PM_HEATWAVE_EU_2026,Will Europe record a severe heatwave in July 2026?,0.3873,0.4155,32,272
2026-06-01T13:44:10+00:00,polymarket,PM_HURRICANE_FL_2026,Will a named hurricane make Florida landfall in 2026?,0.2898,0.3307,226,170
2026-06-01T13:44:20+00:00,kalshi,KX_BIRDFLU_US_2026,Will US bird flu reports exceed threshold by Dec 2026?,0.415,0.4565,134,46
2026-06-01T13:44:20+00:00,polymarket,PM_HEATWAVE_EU_2026,Will Europe record a severe heatwave in July 2026?,0.3898,0.4197,160,200
2026-06-01T13:44:20+00:00,polymarket,PM_HURRICANE_FL_2026,Will a named hurricane make Florida landfall in 2026?,0.2908,0.3283,126,96
2026-06-01T13:44:30+00:00,kalshi,KX_BIRDFLU_US_2026,Will US bird flu reports exceed threshold by Dec 2026?,0.4225,0.449,87,283
2026-06-01T13:44:30+00:00,polymarket,PM_HEATWAVE_EU_2026,Will Europe record a severe heatwave in July 2026?,0.3798,0.4122,108,65
2026-06-01T13:44:30+00:00,polymarket,PM_HURRICANE_FL_2026,Will a named hurricane make Florida landfall in 2026?,0.2988,0.3283,269,268
2026-06-01T13:44:40+00:00,kalshi,KX_BIRDFLU_US_2026,Will US bird flu reports exceed threshold by Dec 2026?,0.4204,0.4524,217,103
2026-06-01T13:44:40+00:00,polymarket,PM_HEATWAVE_EU_2026,Will Europe record a severe heatwave in July 2026?,0.3806,0.4116,219,35
2026-06-01T13:44:40+00:00,polymarket,PM_HURRICANE_FL_2026,Will a named hurricane make Florida landfall in 2026?,0.2941,0.3328,24,109
2026-06-01T13:44:50+00:00,kalshi,KX_BIRDFLU_US_2026,Will US bird flu reports exceed threshold by Dec 2026?,0.4227,0.4504,224,96
2026-06-01T13:44:50+00:00,polymarket,PM_HEATWAVE_EU_2026,Will Europe record a severe heatwave in July 2026?,0.3777,0.4106,144,110
2026-06-01T13:44:50+00:00,polymarket,PM_HURRICANE_FL_2026,Will a named hurricane make Florida landfall in 2026?,0.2977,0.3286,243,78
2026-06-01T13:45:00+00:00,kalshi,KX_BIRDFLU_US_2026,Will US bird flu reports exceed threshold by Dec 2026?,0.4233,0.4602,221,34
2026-06-01T13:45:00+00:00,polymarket,PM_HEATWAVE_EU_2026,Will Europe record a severe heatwave in July 2026?,0.374,0.4105,36,44
2026-06-01T13:45:00+00:00,polymarket,PM_HURRICANE_FL_2026,Will a named hurricane make Florida landfall in 2026?,0.2988,0.3342,268,251
2026-06-01T13:45:10+00:00,kalshi,KX_BIRDFLU_US_2026,Will US bird flu reports exceed threshold by Dec 2026?,0.4321,0.4618,273,261
2026-06-01T13:45:10+00:00,polymarket,PM_HEATWAVE_EU_2026,Will Europe record a severe heatwave in July 2026?,0.3753,0.4078,268,150
2026-06-01T13:45:10+00:00,polymarket,PM_HURRICANE_FL_2026,Will a named hurricane make Florida landfall in 2026?,0.3,0.3288,140,99
2026-06-01T13:45:20+00:00,kalshi,KX_BIRDFLU_US_2026,Will US bird flu reports exceed threshold by Dec 2026?,0.4307,0.459,227,153
2026-06-01T13:45:20+00:00,polymarket,PM_HEATWAVE_EU_2026,Will Europe record a severe heatwave in July 2026?,0.3751,0.4011,194,213
2026-06-01T13:45:20+00:00,polymarket,PM_HURRICANE_FL_2026,Will a named hurricane make Florida landfall in 2026?,0.301,0.3279,202,255
2026-06-01T13:45:30+00:00,kalshi,KX_BIRDFLU_US_2026,Will US bird flu reports exceed threshold by Dec 2026?,0.4238,0.4698,43,98
2026-06-01T13:45:30+00:00,polymarket,PM_HEATWAVE_EU_2026,Will Europe record a severe heatwave in July 2026?,0.3706,0.407,199,22
2026-06-01T13:45:30+00:00,polymarket,PM_HURRICANE_FL_2026,Will a named hurricane make Florida landfall in 2026?,0.2968,0.3277,75,239
2026-06-01T13:45:40+00:00,kalshi,KX_BIRDFLU_US_2026,Will US bird flu reports exceed threshold by Dec 2026?,0.4332,0.4643,219,106
2026-06-01T13:45:40+00:00,polymarket,PM_HEATWAVE_EU_2026,Will Europe record a severe heatwave in July 2026?,0.3736,0.4059,81,174
2026-06-01T13:45:40+00:00,polymarket,PM_HURRICANE_FL_2026,Will a named hurricane make Florida landfall in 2026?,0.2933,0.3239,75,61
2026-06-01T13:45:50+00:00,kalshi,KX_BIRDFLU_US_2026,Will US bird flu reports exceed threshold by Dec 2026?,0.4285,0.4638,186,198
2026-06-01T13:45:50+00:00,polymarket,PM_HEATWAVE_EU_2026,Will Europe record a severe heatwave in July 2026?,0.3615,0.4109,79,293
2026-06-01T13:45:50+00:00,polymarket,PM_HURRICANE_FL_2026,Will a named hurricane make Florida landfall in 2026?,0.2963,0.3257,256,222
2026-06-01T13:46:00+00:00,kalshi,KX_BIRDFLU_US_2026,Will US bird flu reports exceed threshold by Dec 2026?,0.4321,0.4583,229,116
2026-06-01T13:46:00+00:00,polymarket,PM_HEATWAVE_EU_2026,Will Europe record a severe heatwave in July 2026?,0.3744,0.4062,32,222
2026-06-01T13:46:00+00:00,polymarket,PM_HURRICANE_FL_2026,Will a named hurricane make Florida landfall in 2026?,0.2915,0.3247,67,89
2026-06-01T13:46:10+00:00,kalshi,KX_BIRDFLU_US_2026,Will US bird flu reports exceed threshold by Dec 2026?,0.4292,0.4576,205,263
2026-06-01T13:46:10+00:00,polymarket,PM_HEATWAVE_EU_2026,Will Europe record a severe heatwave in July 2026?,0.3792,0.4061,263,47
2026-06-01T13:46:10+00:00,polymarket,PM_HURRICANE_FL_2026,Will a named hurricane make Florida landfall in 2026?,0.2916,0.3176,85,52
2026-06-01T13:46:20+00:00,kalshi,KX_BIRDFLU_US_2026,Will US bird flu reports exceed threshold by Dec 2026?,0.4248,0.4588,79,85
2026-06-01T13:46:20+00:00,polymarket,PM_HEATWAVE_EU_2026,Will Europe record a severe heatwave in July 2026?,0.3765,0.405,182,136
2026-06-01T13:46:20+00:00,polymarket,PM_HURRICANE_FL_2026,Will a named hurricane make Florida landfall in 2026?,0.2918,0.3204,249,22
2026-06-01T13:46:30+00:00,kalshi,KX_BIRDFLU_US_2026,Will US bird flu reports exceed threshold by Dec 2026?,0.4273,0.4557,288,199
2026-06-01T13:46:30+00:00,polymarket,PM_HEATWAVE_EU_2026,Will Europe record a severe heatwave in July 2026?,0.3799,0.4053,172,133
2026-06-01T13:46:30+00:00,polymarket,PM_HURRICANE_FL_2026,Will a named hurricane make Florida landfall in 2026?,0.2904,0.3183,139,72
2026-06-01T13:46:40+00:00,kalshi,KX_BIRDFLU_US_2026,Will US bird flu reports exceed threshold by Dec 2026?,0.4161,0.4617,181,42
2026-06-01T13:46:40+00:00,polymarket,PM_HEATWAVE_EU_2026,Will Europe record a severe heatwave in July 2026?,0.3771,0.408,230,274
2026-06-01T13:46:40+00:00,polymarket,PM_HURRICANE_FL_2026,Will a named hurricane make Florida landfall in 2026?,0.2872,0.3129,135,132
2026-06-01T13:46:50+00:00,kalshi,KX_BIRDFLU_US_2026,Will US bird flu reports exceed threshold by Dec 2026?,0.4237,0.4591,257,195
2026-06-01T13:46:50+00:00,polymarket,PM_HEATWAVE_EU_2026,Will Europe record a severe heatwave in July 2026?,0.3687,0.4171,236,75
2026-06-01T13:46:50+00:00,polymarket,PM_HURRICANE_FL_2026,Will a named hurricane make Florida landfall in 2026?,0.2792,0.3112,36,272
2026-06-01T13:47:00+00:00,kalshi,KX_BIRDFLU_US_2026,Will US bird flu reports exceed threshold by Dec 2026?,0.4246,0.4558,56,119
2026-06-01T13:47:00+00:00,polymarket,PM_HEATWAVE_EU_2026,Will Europe record a severe heatwave in July 2026?,0.371,0.404,51,201
2026-06-01T13:47:00+00:00,polymarket,PM_HURRICANE_FL_2026,Will a named hurricane make Florida landfall in 2026?,0.2771,0.3058,49,249
2026-06-01T13:47:10+00:00,kalshi,KX_BIRDFLU_US_2026,Will US bird flu reports exceed threshold by Dec 2026?,0.4259,0.4521,162,96
2026-06-01T13:47:10+00:00,polymarket,PM_HEATWAVE_EU_2026,Will Europe record a severe heatwave in July 2026?,0.3726,0.4075,24,218
2026-06-01T13:47:10+00:00,polymarket,PM_HURRICANE_FL_2026,Will a named hurricane make Florida landfall in 2026?,0.2804,0.3071,233,127
2026-06-01T13:47:20+00:00,kalshi,KX_BIRDFLU_US_2026,Will US bird flu reports exceed threshold by Dec 2026?,0.4241,0.4536,189,225
2026-06-01T13:47:20+00:00,polymarket,PM_HEATWAVE_EU_2026,Will Europe record a severe heatwave in July 2026?,0.3744,0.4032,48,266
2026-06-01T13:47:20+00:00,polymarket,PM_HURRICANE_FL_2026,Will a named hurricane make Florida landfall in 2026?,0.2859,0.313,105,25
2026-06-01T13:47:30+00:00,kalshi,KX_BIRDFLU_US_2026,Will US bird flu reports exceed threshold by Dec 2026?,0.4242,0.4507,45,56
2026-06-01T13:47:30+00:00,polymarket,PM_HEATWAVE_EU_2026,Will Europe record a severe heatwave in July 2026?,0.3682,0.4111,113,153
2026-06-01T13:47:30+00:00,polymarket,PM_HURRICANE_FL_2026,Will a named hurricane make Florida landfall in 2026?,0.283,0.3176,171,214
2026-06-01T13:47:40+00:00,kalshi,KX_BIRDFLU_US_2026,Will US bird flu reports exceed threshold by Dec 2026?,0.4234,0.4495,269,171
2026-06-01T13:47:40+00:00,polymarket,PM_HEATWAVE_EU_2026,Will Europe record a severe heatwave in July 2026?,0.3683,0.4037,144,88
2026-06-01T13:47:40+00:00,polymarket,PM_HURRICANE_FL_2026,Will a named hurricane make Florida landfall in 2026?,0.2791,0.3196,22,219
2026-06-01T13:47:50+00:00,kalshi,KX_BIRDFLU_US_2026,Will US bird flu reports exceed threshold by Dec 2026?,0.414,0.4475,217,250
2026-06-01T13:47:50+00:00,polymarket,PM_HEATWAVE_EU_2026,Will Europe record a severe heatwave in July 2026?,0.3685,0.3991,29,254
2026-06-01T13:47:50+00:00,polymarket,PM_HURRICANE_FL_2026,Will a named hurricane make Florida landfall in 2026?,0.2881,0.3144,232,281
2026-06-01T13:48:00+00:00,kalshi,KX_BIRDFLU_US_2026,Will US bird flu reports exceed threshold by Dec 2026?,0.4186,0.4455,193,49
2026-06-01T13:48:00+00:00,polymarket,PM_HEATWAVE_EU_2026,Will Europe record a severe heatwave in July 2026?,0.3686,0.4108,229,293
2026-06-01T13:48:00+00:00,polymarket,PM_HURRICANE_FL_2026,Will a named hurricane make Florida landfall in 2026?,0.2806,0.3231,99,280
2026-06-01T13:48:10+00:00,kalshi,KX_BIRDFLU_US_2026,Will US bird flu reports exceed threshold by Dec 2026?,0.4132,0.4544,163,43
2026-06-01T13:48:10+00:00,polymarket,PM_HEATWAVE_EU_2026,Will Europe record a severe heatwave in July 2026?,0.3761,0.4023,103,198
2026-06-01T13:48:10+00:00,polymarket,PM_HURRICANE_FL_2026,Will a named hurricane make Florida landfall in 2026?,0.2907,0.3192,278,194
2026-06-01T13:48:20+00:00,kalshi,KX_BIRDFLU_US_2026,Will US bird flu reports exceed threshold by Dec 2026?,0.4253,0.457,247,181
2026-06-01T13:48:20+00:00,polymarket,PM_HEATWAVE_EU_2026,Will Europe record a severe heatwave in July 2026?,0.3773,0.4027,100,95
2026-06-01T13:48:20+00:00,polymarket,PM_HURRICANE_FL_2026,Will a named hurricane make Florida landfall in 2026?,0.2936,0.3223,159,84
2026-06-01T13:48:30+00:00,kalshi,KX_BIRDFLU_US_2026,Will US bird flu reports exceed threshold by Dec 2026?,0.4279,0.4644,161,290
2026-06-01T13:48:30+00:00,polymarket,PM_HEATWAVE_EU_2026,Will Europe record a severe heatwave in July 2026?,0.3767,0.4019,227,248
2026-06-01T13:48:30+00:00,polymarket,PM_HURRICANE_FL_2026,Will a named hurricane make Florida landfall in 2026?,0.2953,0.3225,51,51
2026-06-01T13:48:40+00:00,kalshi,KX_BIRDFLU_US_2026,Will US bird flu reports exceed threshold by Dec 2026?,0.4323,0.461,148,259
2026-06-01T13:48:40+00:00,polymarket,PM_HEATWAVE_EU_2026,Will Europe record a severe heatwave in July 2026?,0.3662,0.4044,64,176
2026-06-01T13:48:40+00:00,polymarket,PM_HURRICANE_FL_2026,Will a named hurricane make Florida landfall in 2026?,0.2956,0.3227,86,223
2026-06-01T13:48:50+00:00,kalshi,KX_BIRDFLU_US_2026,Will US bird flu reports exceed threshold by Dec 2026?,0.4289,0.4547,195,87
2026-06-01T13:48:50+00:00,polymarket,PM_HEATWAVE_EU_2026,Will Europe record a severe heatwave in July 2026?,0.3714,0.3997,251,87
2026-06-01T13:48:50+00:00,polymarket,PM_HURRICANE_FL_2026,Will a named hurricane make Florida landfall in 2026?,0.2954,0.3224,70,162
2026-06-01T13:49:00+00:00,kalshi,KX_BIRDFLU_US_2026,Will US bird flu reports exceed threshold by Dec 2026?,0.4232,0.4548,77,42
2026-06-01T13:49:00+00:00,polymarket,PM_HEATWAVE_EU_2026,Will Europe record a severe heatwave in July 2026?,0.3703,0.3984,146,280
2026-06-01T13:49:00+00:00,polymarket,PM_HURRICANE_FL_2026,Will a named hurricane make Florida landfall in 2026?,0.289,0.3146,281,144
2026-06-01T13:49:10+00:00,kalshi,KX_BIRDFLU_US_2026,Will US bird flu reports exceed threshold by Dec 2026?,0.4222,0.4475,290,196
2026-06-01T13:49:10+00:00,polymarket,PM_HEATWAVE_EU_2026,Will Europe record a severe heatwave in July 2026?,0.375,0.4002,70,247
2026-06-01T13:49:10+00:00,polymarket,PM_HURRICANE_FL_2026,Will a named hurricane make Florida landfall in 2026?,0.2857,0.3169,258,245
2026-06-01T13:49:20+00:00,kalshi,KX_BIRDFLU_US_2026,Will US bird flu reports exceed threshold by Dec 2026?,0.4096,0.4494,254,225
2026-06-01T13:49:20+00:00,polymarket,PM_HEATWAVE_EU_2026,Will Europe record a severe heatwave in July 2026?,0.3688,0.3986,211,187
2026-06-01T13:49:20+00:00,polymarket,PM_HURRICANE_FL_2026,Will a named hurricane make Florida landfall in 2026?,0.2824,0.321,167,294
2026-06-01T13:49:30+00:00,kalshi,KX_BIRDFLU_US_2026,Will US bird flu reports exceed threshold by Dec 2026?,0.4152,0.4501,120,123
2026-06-01T13:49:30+00:00,polymarket,PM_HEATWAVE_EU_2026,Will Europe record a severe heatwave in July 2026?,0.3631,0.3996,262,52
2026-06-01T13:49:30+00:00,polymarket,PM_HURRICANE_FL_2026,Will a named hurricane make Florida landfall in 2026?,0.2886,0.3247,32,65
2026-06-01T13:49:40+00:00,kalshi,KX_BIRDFLU_US_2026,Will US bird flu reports exceed threshold by Dec 2026?,0.4182,0.4455,103,199
2026-06-01T13:49:40+00:00,polymarket,PM_HEATWAVE_EU_2026,Will Europe record a severe heatwave in July 2026?,0.3739,0.4016,225,116
2026-06-01T13:49:40+00:00,polymarket,PM_HURRICANE_FL_2026,Will a named hurricane make Florida landfall in 2026?,0.2803,0.3182,291,270
2026-06-01T13:49:50+00:00,kalshi,KX_BIRDFLU_US_2026,Will US bird flu reports exceed threshold by Dec 2026?,0.4133,0.4489,238,257
2026-06-01T13:49:50+00:00,polymarket,PM_HEATWAVE_EU_2026,Will Europe record a severe heatwave in July 2026?,0.3691,0.4068,297,147
2026-06-01T13:49:50+00:00,polymarket,PM_HURRICANE_FL_2026,Will a named hurricane make Florida landfall in 2026?,0.2873,0.3137,109,108
2026-06-01T13:50:00+00:00,kalshi,KX_BIRDFLU_US_2026,Will US bird flu reports exceed threshold by Dec 2026?,0.4143,0.445,229,267
2026-06-01T13:50:00+00:00,polymarket,PM_HEATWAVE_EU_2026,Will Europe record a severe heatwave in July 2026?,0.3743,0.4055,55,282
2026-06-01T13:50:00+00:00,polymarket,PM_HURRICANE_FL_2026,Will a named hurricane make Florida landfall in 2026?,0.2877,0.3141,142,59
2026-06-01T13:50:10+00:00,kalshi,KX_BIRDFLU_US_2026,Will US bird flu reports exceed threshold by Dec 2026?,0.413,0.4388,284,204
2026-06-01T13:50:10+00:00,polymarket,PM_HEATWAVE_EU_2026,Will Europe record a severe heatwave in July 2026?,0.374,0.4027,210,25
2026-06-01T13:50:10+00:00,polymarket,PM_HURRICANE_FL_2026,Will a named hurricane make Florida landfall in 2026?,0.287,0.3149,120,100
2026-06-01T13:50:20+00:00,kalshi,KX_BIRDFLU_US_2026,Will US bird flu reports exceed threshold by Dec 2026?,0.4176,0.4435,187,138
2026-06-01T13:50:20+00:00,polymarket,PM_HEATWAVE_EU_2026,Will Europe record a severe heatwave in July 2026?,0.3716,0.3969,260,291
2026-06-01T13:50:20+00:00,polymarket,PM_HURRICANE_FL_2026,Will a named hurricane make Florida landfall in 2026?,0.282,0.3162,238,270
2026-06-01T13:50:30+00:00,kalshi,KX_BIRDFLU_US_2026,Will US bird flu reports exceed threshold by Dec 2026?,0.4106,0.4465,39,149
2026-06-01T13:50:30+00:00,polymarket,PM_HEATWAVE_EU_2026,Will Europe record a severe heatwave in July 2026?,0.37,0.4059,249,91
2026-06-01T13:50:30+00:00,polymarket,PM_HURRICANE_FL_2026,Will a named hurricane make Florida landfall in 2026?,0.2843,0.3128,108,141
2026-06-01T13:50:40+00:00,kalshi,KX_BIRDFLU_US_2026,Will US bird flu reports exceed threshold by Dec 2026?,0.417,0.4467,275,85
2026-06-01T13:50:40+00:00,polymarket,PM_HEATWAVE_EU_2026,Will Europe record a severe heatwave in July 2026?,0.3676,0.4048,240,174
2026-06-01T13:50:40+00:00,polymarket,PM_HURRICANE_FL_2026,Will a named hurricane make Florida landfall in 2026?,0.2833,0.3098,222,68
2026-06-01T13:50:50+00:00,kalshi,KX_BIRDFLU_US_2026,Will US bird flu reports exceed threshold by Dec 2026?,0.4223,0.4563,90,130
2026-06-01T13:50:50+00:00,polymarket,PM_HEATWAVE_EU_2026,Will Europe record a severe heatwave in July 2026?,0.3586,0.4061,242,131
2026-06-01T13:50:50+00:00,polymarket,PM_HURRICANE_FL_2026,Will a named hurricane make Florida landfall in 2026?,0.2744,0.3129,179,35
2026-06-01T13:51:00+00:00,kalshi,KX_BIRDFLU_US_2026,Will US bird flu reports exceed threshold by Dec 2026?,0.4224,0.4579,95,27
2026-06-01T13:51:00+00:00,polymarket,PM_HEATWAVE_EU_2026,Will Europe record a severe heatwave in July 2026?,0.3603,0.4017,148,70
2026-06-01T13:51:00+00:00,polymarket,PM_HURRICANE_FL_2026,Will a named hurricane make Florida landfall in 2026?,0.2735,0.3086,104,170
2026-06-01T13:51:10+00:00,kalshi,KX_BIRDFLU_US_2026,Will US bird flu reports exceed threshold by Dec 2026?,0.4281,0.4533,244,69
2026-06-01T13:51:10+00:00,polymarket,PM_HEATWAVE_EU_2026,Will Europe record a severe heatwave in July 2026?,0.3665,0.3992,243,135
2026-06-01T13:51:10+00:00,polymarket,PM_HURRICANE_FL_2026,Will a named hurricane make Florida landfall in 2026?,0.2751,0.3052,197,258
2026-06-01T13:51:20+00:00,kalshi,KX_BIRDFLU_US_2026,Will US bird flu reports exceed threshold by Dec 2026?,0.4293,0.4582,125,210
2026-06-01T13:51:20+00:00,polymarket,PM_HEATWAVE_EU_2026,Will Europe record a severe heatwave in July 2026?,0.3649,0.3931,290,33
2026-06-01T13:51:20+00:00,polymarket,PM_HURRICANE_FL_2026,Will a named hurricane make Florida landfall in 2026?,0.2776,0.3048,27,276
2026-06-01T13:51:30+00:00,kalshi,KX_BIRDFLU_US_2026,Will US bird flu reports exceed threshold by Dec 2026?,0.4282,0.4639,291,227
2026-06-01T13:51:30+00:00,polymarket,PM_HEATWAVE_EU_2026,Will Europe record a severe heatwave in July 2026?,0.3672,0.3923,163,257
2026-06-01T13:51:30+00:00,polymarket,PM_HURRICANE_FL_2026,Will a named hurricane make Florida landfall in 2026?,0.2798,0.3055,270,212
2026-06-01T13:51:40+00:00,kalshi,KX_BIRDFLU_US_2026,Will US bird flu reports exceed threshold by Dec 2026?,0.4315,0.4617,78,91
2026-06-01T13:51:40+00:00,polymarket,PM_HEATWAVE_EU_2026,Will Europe record a severe heatwave in July 2026?,0.3567,0.4051,278,62
2026-06-01T13:51:40+00:00,polymarket,PM_HURRICANE_FL_2026,Will a named hurricane make Florida landfall in 2026?,0.2758,0.3093,97,266
2026-06-01T13:51:50+00:00,kalshi,KX_BIRDFLU_US_2026,Will US bird flu reports exceed threshold by Dec 2026?,0.4358,0.4654,259,126
2026-06-01T13:51:50+00:00,polymarket,PM_HEATWAVE_EU_2026,Will Europe record a severe heatwave in July 2026?,0.3633,0.3967,128,144
2026-06-01T13:51:50+00:00,polymarket,PM_HURRICANE_FL_2026,Will a named hurricane make Florida landfall in 2026?,0.2803,0.3063,168,165
2026-06-01T13:52:00+00:00,kalshi,KX_BIRDFLU_US_2026,Will US bird flu reports exceed threshold by Dec 2026?,0.4324,0.4721,259,256
2026-06-01T13:52:00+00:00,polymarket,PM_HEATWAVE_EU_2026,Will Europe record a severe heatwave in July 2026?,0.364,0.3973,112,254
2026-06-01T13:52:00+00:00,polymarket,PM_HURRICANE_FL_2026,Will a named hurricane make Florida landfall in 2026?,0.2762,0.306,107,34
2026-06-01T13:52:10+00:00,kalshi,KX_BIRDFLU_US_2026,Will US bird flu reports exceed threshold by Dec 2026?,0.4355,0.4626,90,121
2026-06-01T13:52:10+00:00,polymarket,PM_HEATWAVE_EU_2026,Will Europe record a severe heatwave in July 2026?,0.3633,0.3931,269,70
2026-06-01T13:52:10+00:00,polymarket,PM_HURRICANE_FL_2026,Will a named hurricane make Florida landfall in 2026?,0.2667,0.3061,262,55
2026-06-01T13:52:20+00:00,kalshi,KX_BIRDFLU_US_2026,Will US bird flu reports exceed threshold by Dec 2026?,0.4332,0.4637,43,194
2026-06-01T13:52:20+00:00,polymarket,PM_HEATWAVE_EU_2026,Will Europe record a severe heatwave in July 2026?,0.3565,0.3997,177,53
2026-06-01T13:52:20+00:00,polymarket,PM_HURRICANE_FL_2026,Will a named hurricane make Florida landfall in 2026?,0.2715,0.3087,178,93
2026-06-01T13:52:30+00:00,kalshi,KX_BIRDFLU_US_2026,Will US bird flu reports exceed threshold by Dec 2026?,0.4335,0.4597,72,51
2026-06-01T13:52:30+00:00,polymarket,PM_HEATWAVE_EU_2026,Will Europe record a severe heatwave in July 2026?,0.3599,0.3919,133,95
2026-06-01T13:52:30+00:00,polymarket,PM_HURRICANE_FL_2026,Will a named hurricane make Florida landfall in 2026?,0.2722,0.3023,157,149
2026-06-01T13:52:40+00:00,kalshi,KX_BIRDFLU_US_2026,Will US bird flu reports exceed threshold by Dec 2026?,0.4351,0.4671,139,88
2026-06-01T13:52:40+00:00,polymarket,PM_HEATWAVE_EU_2026,Will Europe record a severe heatwave in July 2026?,0.3609,0.4014,66,204
2026-06-01T13:52:40+00:00,polymarket,PM_HURRICANE_FL_2026,Will a named hurricane make Florida landfall in 2026?,0.2751,0.3009,86,252
2026-06-01T13:52:50+00:00,kalshi,KX_BIRDFLU_US_2026,Will US bird flu reports exceed threshold by Dec 2026?,0.438,0.4657,224,167
2026-06-01T13:52:50+00:00,polymarket,PM_HEATWAVE_EU_2026,Will Europe record a severe heatwave in July 2026?,0.3704,0.3986,183,246
2026-06-01T13:52:50+00:00,polymarket,PM_HURRICANE_FL_2026,Will a named hurricane make Florida landfall in 2026?,0.2725,0.3021,41,275
2026-06-01T13:53:00+00:00,kalshi,KX_BIRDFLU_US_2026,Will US bird flu reports exceed threshold by Dec 2026?,0.4249,0.4709,164,278
2026-06-01T13:53:00+00:00,polymarket,PM_HEATWAVE_EU_2026,Will Europe record a severe heatwave in July 2026?,0.3678,0.4051,64,91
2026-06-01T13:53:00+00:00,polymarket,PM_HURRICANE_FL_2026,Will a named hurricane make Florida landfall in 2026?,0.2742,0.3025,183,158
2026-06-01T13:53:10+00:00,kalshi,KX_BIRDFLU_US_2026,Will US bird flu reports exceed threshold by Dec 2026?,0.4325,0.4692,230,122
2026-06-01T13:53:10+00:00,polymarket,PM_HEATWAVE_EU_2026,Will Europe record a severe heatwave in July 2026?,0.37,0.4029,39,106
2026-06-01T13:53:10+00:00,polymarket,PM_HURRICANE_FL_2026,Will a named hurricane make Florida landfall in 2026?,0.2689,0.302,286,194
2026-06-01T13:53:20+00:00,kalshi,KX_BIRDFLU_US_2026,Will US bird flu reports exceed threshold by Dec 2026?,0.4398,0.466,109,63
2026-06-01T13:53:20+00:00,polymarket,PM_HEATWAVE_EU_2026,Will Europe record a severe heatwave in July 2026?,0.3681,0.3951,59,283
2026-06-01T13:53:20+00:00,polymarket,PM_HURRICANE_FL_2026,Will a named hurricane make Florida landfall in 2026?,0.2695,0.3042,27,241
2026-06-01T13:53:30+00:00,kalshi,KX_BIRDFLU_US_2026,Will US bird flu reports exceed threshold by Dec 2026?,0.4374,0.4652,24,246
2026-06-01T13:53:30+00:00,polymarket,PM_HEATWAVE_EU_2026,Will Europe record a severe heatwave in July 2026?,0.373,0.399,68,180
2026-06-01T13:53:30+00:00,polymarket,PM_HURRICANE_FL_2026,Will a named hurricane make Florida landfall in 2026?,0.2751,0.304,64,220
2026-06-01T13:53:40+00:00,kalshi,KX_BIRDFLU_US_2026,Will US bird flu reports exceed threshold by Dec 2026?,0.4342,0.4595,30,211
2026-06-01T13:53:40+00:00,polymarket,PM_HEATWAVE_EU_2026,Will Europe record a severe heatwave in July 2026?,0.3729,0.4001,263,95
2026-06-01T13:53:40+00:00,polymarket,PM_HURRICANE_FL_2026,Will a named hurricane make Florida landfall in 2026?,0.2746,0.3006,108,98
2026-06-01T13:53:50+00:00,kalshi,KX_BIRDFLU_US_2026,Will US bird flu reports exceed threshold by Dec 2026?,0.4309,0.46,236,178
2026-06-01T13:53:50+00:00,polymarket,PM_HEATWAVE_EU_2026,Will Europe record a severe heatwave in July 2026?,0.3734,0.3993,234,182
2026-06-01T13:53:50+00:00,polymarket,PM_HURRICANE_FL_2026,Will a named hurricane make Florida landfall in 2026?,0.2709,0.303,69,49
2026-06-01T13:54:00+00:00,kalshi,KX_BIRDFLU_US_2026,Will US bird flu reports exceed threshold by Dec 2026?,0.4286,0.4576,32,147
2026-06-01T13:54:00+00:00,polymarket,PM_HEATWAVE_EU_2026,Will Europe record a severe heatwave in July 2026?,0.3632,0.4021,199,173
2026-06-01T13:54:00+00:00,polymarket,PM_HURRICANE_FL_2026,Will a named hurricane make Florida landfall in 2026?,0.2624,0.304,132,269
2026-06-01T13:54:10+00:00,kalshi,KX_BIRDFLU_US_2026,Will US bird flu reports exceed threshold by Dec 2026?,0.4242,0.4586,123,241
2026-06-01T13:54:10+00:00,polymarket,PM_HEATWAVE_EU_2026,Will Europe record a severe heatwave in July 2026?,0.3624,0.4058,164,51
2026-06-01T13:54:10+00:00,polymarket,PM_HURRICANE_FL_2026,Will a named hurricane make Florida landfall in 2026?,0.2708,0.2988,69,81
2026-06-01T13:54:20+00:00,kalshi,KX_BIRDFLU_US_2026,Will US bird flu reports exceed threshold by Dec 2026?,0.4228,0.4573,293,120
2026-06-01T13:54:20+00:00,polymarket,PM_HEATWAVE_EU_2026,Will Europe record a severe heatwave in July 2026?,0.3715,0.4017,183,187
2026-06-01T13:54:20+00:00,polymarket,PM_HURRICANE_FL_2026,Will a named hurricane make Florida landfall in 2026?,0.2562,0.3107,132,217
2026-06-01T13:54:30+00:00,kalshi,KX_BIRDFLU_US_2026,Will US bird flu reports exceed threshold by Dec 2026?,0.4238,0.4573,27,32
2026-06-01T13:54:30+00:00,polymarket,PM_HEATWAVE_EU_2026,Will Europe record a severe heatwave in July 2026?,0.3744,0.4081,39,83
2026-06-01T13:54:30+00:00,polymarket,PM_HURRICANE_FL_2026,Will a named hurricane make Florida landfall in 2026?,0.2732,0.3039,293,105
2026-06-01T13:54:40+00:00,kalshi,KX_BIRDFLU_US_2026,Will US bird flu reports exceed threshold by Dec 2026?,0.4246,0.4586,36,131
2026-06-01T13:54:40+00:00,polymarket,PM_HEATWAVE_EU_2026,Will Europe record a severe heatwave in July 2026?,0.3715,0.4086,20,101
2026-06-01T13:54:40+00:00,polymarket,PM_HURRICANE_FL_2026,Will a named hurricane make Florida landfall in 2026?,0.2751,0.3013,211,279
2026-06-01T13:54:50+00:00,kalshi,KX_BIRDFLU_US_2026,Will US bird flu reports exceed threshold by Dec 2026?,0.4274,0.4577,247,76
2026-06-01T13:54:50+00:00,polymarket,PM_HEATWAVE_EU_2026,Will Europe record a severe heatwave in July 2026?,0.379,0.4152,251,82
2026-06-01T13:54:50+00:00,polymarket,PM_HURRICANE_FL_2026,Will a named hurricane make Florida landfall in 2026?,0.2637,0.3134,219,97
2026-06-01T13:55:00+00:00,kalshi,KX_BIRDFLU_US_2026,Will US bird flu reports exceed threshold by Dec 2026?,0.427,0.4585,127,198
2026-06-01T13:55:00+00:00,polymarket,PM_HEATWAVE_EU_2026,Will Europe record a severe heatwave in July 2026?,0.3826,0.4113,129,52
2026-06-01T13:55:00+00:00,polymarket,PM_HURRICANE_FL_2026,Will a named hurricane make Florida landfall in 2026?,0.2798,0.312,77,228
2026-06-01T13:55:10+00:00,kalshi,KX_BIRDFLU_US_2026,Will US bird flu reports exceed threshold by Dec 2026?,0.4236,0.4529,162,255
2026-06-01T13:55:10+00:00,polymarket,PM_HEATWAVE_EU_2026,Will Europe record a severe heatwave in July 2026?,0.386,0.413,130,128
2026-06-01T13:55:10+00:00,polymarket,PM_HURRICANE_FL_2026,Will a named hurricane make Florida landfall in 2026?,0.2817,0.3163,124,151
2026-06-01T13:55:20+00:00,kalshi,KX_BIRDFLU_US_2026,Will US bird flu reports exceed threshold by Dec 2026?,0.4214,0.4493,188,209
2026-06-01T13:55:20+00:00,polymarket,PM_HEATWAVE_EU_2026,Will Europe record a severe heatwave in July 2026?,0.3817,0.4108,188,86
2026-06-01T13:55:20+00:00,polymarket,PM_HURRICANE_FL_2026,Will a named hurricane make Florida landfall in 2026?,0.2822,0.3139,181,125
2026-06-01T13:55:30+00:00,kalshi,KX_BIRDFLU_US_2026,Will US bird flu reports exceed threshold by Dec 2026?,0.4221,0.4478,172,232
2026-06-01T13:55:30+00:00,polymarket,PM_HEATWAVE_EU_2026,Will Europe record a severe heatwave in July 2026?,0.3796,0.4097,221,248
2026-06-01T13:55:30+00:00,polymarket,PM_HURRICANE_FL_2026,Will a named hurricane make Florida landfall in 2026?,0.2822,0.3092,45,264
2026-06-01T13:55:40+00:00,kalshi,KX_BIRDFLU_US_2026,Will US bird flu reports exceed threshold by Dec 2026?,0.4126,0.4504,94,225
2026-06-01T13:55:40+00:00,polymarket,PM_HEATWAVE_EU_2026,Will Europe record a severe heatwave in July 2026?,0.3805,0.4135,138,99
2026-06-01T13:55:40+00:00,polymarket,PM_HURRICANE_FL_2026,Will a named hurricane make Florida landfall in 2026?,0.2773,0.3142,44,243
2026-06-01T13:55:50+00:00,kalshi,KX_BIRDFLU_US_2026,Will US bird flu reports exceed threshold by Dec 2026?,0.4213,0.4471,221,260
2026-06-01T13:55:50+00:00,polymarket,PM_HEATWAVE_EU_2026,Will Europe record a severe heatwave in July 2026?,0.3748,0.4086,194,30
2026-06-01T13:55:50+00:00,polymarket,PM_HURRICANE_FL_2026,Will a named hurricane make Florida landfall in 2026?,0.2808,0.3078,259,51
2026-06-01T13:56:00+00:00,kalshi,KX_BIRDFLU_US_2026,Will US bird flu reports exceed threshold by Dec 2026?,0.4189,0.4448,52,159
2026-06-01T13:56:00+00:00,polymarket,PM_HEATWAVE_EU_2026,Will Europe record a severe heatwave in July 2026?,0.3746,0.4037,70,279
2026-06-01T13:56:00+00:00,polymarket,PM_HURRICANE_FL_2026,Will a named hurricane make Florida landfall in 2026?,0.279,0.3125,115,114
2026-06-01T13:56:10+00:00,kalshi,KX_BIRDFLU_US_2026,Will US bird flu reports exceed threshold by Dec 2026?,0.4111,0.444,108,295
2026-06-01T13:56:10+00:00,polymarket,PM_HEATWAVE_EU_2026,Will Europe record a severe heatwave in July 2026?,0.3725,0.3979,132,26
2026-06-01T13:56:10+00:00,polymarket,PM_HURRICANE_FL_2026,Will a named hurricane make Florida landfall in 2026?,0.2787,0.3052,56,291
2026-06-01T13:56:20+00:00,kalshi,KX_BIRDFLU_US_2026,Will US bird flu reports exceed threshold by Dec 2026?,0.4055,0.441,121,283
2026-06-01T13:56:20+00:00,polymarket,PM_HEATWAVE_EU_2026,Will Europe record a severe heatwave in July 2026?,0.3697,0.3951,230,70
2026-06-01T13:56:20+00:00,polymarket,PM_HURRICANE_FL_2026,Will a named hurricane make Florida landfall in 2026?,0.2761,0.3095,169,69
2026-06-01T13:56:30+00:00,kalshi,KX_BIRDFLU_US_2026,Will US bird flu reports exceed threshold by Dec 2026?,0.4133,0.4411,150,50
2026-06-01T13:56:30+00:00,polymarket,PM_HEATWAVE_EU_2026,Will Europe record a severe heatwave in July 2026?,0.3644,0.4008,187,62
2026-06-01T13:56:30+00:00,polymarket,PM_HURRICANE_FL_2026,Will a named hurricane make Florida landfall in 2026?,0.2746,0.3138,67,28
2026-06-01T13:56:40+00:00,kalshi,KX_BIRDFLU_US_2026,Will US bird flu reports exceed threshold by Dec 2026?,0.4118,0.4421,112,34
2026-06-01T13:56:40+00:00,polymarket,PM_HEATWAVE_EU_2026,Will Europe record a severe heatwave in July 2026?,0.3648,0.3958,36,220
2026-06-01T13:56:40+00:00,polymarket,PM_HURRICANE_FL_2026,Will a named hurricane make Florida landfall in 2026?,0.2746,0.3074,289,290
2026-06-01T13:56:50+00:00,kalshi,KX_BIRDFLU_US_2026,Will US bird flu reports exceed threshold by Dec 2026?,0.4034,0.4385,291,63
2026-06-01T13:56:50+00:00,polymarket,PM_HEATWAVE_EU_2026,Will Europe record a severe heatwave in July 2026?,0.3665,0.3993,194,42
2026-06-01T13:56:50+00:00,polymarket,PM_HURRICANE_FL_2026,Will a named hurricane make Florida landfall in 2026?,0.2757,0.3033,58,82
2026-06-01T13:57:00+00:00,kalshi,KX_BIRDFLU_US_2026,Will US bird flu reports exceed threshold by Dec 2026?,0.4049,0.4367,246,262
2026-06-01T13:57:00+00:00,polymarket,PM_HEATWAVE_EU_2026,Will Europe record a severe heatwave in July 2026?,0.3655,0.3964,236,98
2026-06-01T13:57:00+00:00,polymarket,PM_HURRICANE_FL_2026,Will a named hurricane make Florida landfall in 2026?,0.2754,0.3051,123,76
2026-06-01T13:57:10+00:00,kalshi,KX_BIRDFLU_US_2026,Will US bird flu reports exceed threshold by Dec 2026?,0.4051,0.4466,179,164
2026-06-01T13:57:10+00:00,polymarket,PM_HEATWAVE_EU_2026,Will Europe record a severe heatwave in July 2026?,0.3582,0.399,256,158
2026-06-01T13:57:10+00:00,polymarket,PM_HURRICANE_FL_2026,Will a named hurricane make Florida landfall in 2026?,0.2682,0.3111,114,211
2026-06-01T13:57:20+00:00,kalshi,KX_BIRDFLU_US_2026,Will US bird flu reports exceed threshold by Dec 2026?,0.4032,0.4372,41,47
2026-06-01T13:57:20+00:00,polymarket,PM_HEATWAVE_EU_2026,Will Europe record a severe heatwave in July 2026?,0.3624,0.3942,171,208
2026-06-01T13:57:20+00:00,polymarket,PM_HURRICANE_FL_2026,Will a named hurricane make Florida landfall in 2026?,0.27,0.3051,284,188
2026-06-01T13:57:30+00:00,kalshi,KX_BIRDFLU_US_2026,Will US bird flu reports exceed threshold by Dec 2026?,0.4028,0.4308,190,46
2026-06-01T13:57:30+00:00,polymarket,PM_HEATWAVE_EU_2026,Will Europe record a severe heatwave in July 2026?,0.3608,0.3943,67,173
2026-06-01T13:57:30+00:00,polymarket,PM_HURRICANE_FL_2026,Will a named hurricane make Florida landfall in 2026?,0.2758,0.3011,90,92
2026-06-01T13:57:40+00:00,kalshi,KX_BIRDFLU_US_2026,Will US bird flu reports exceed threshold by Dec 2026?,0.4025,0.4301,298,253
2026-06-01T13:57:40+00:00,polymarket,PM_HEATWAVE_EU_2026,Will Europe record a severe heatwave in July 2026?,0.3617,0.3964,52,218
2026-06-01T13:57:40+00:00,polymarket,PM_HURRICANE_FL_2026,Will a named hurricane make Florida landfall in 2026?,0.2799,0.3064,251,191
2026-06-01T13:57:50+00:00,kalshi,KX_BIRDFLU_US_2026,Will US bird flu reports exceed threshold by Dec 2026?,0.4002,0.4281,169,254
2026-06-01T13:57:50+00:00,polymarket,PM_HEATWAVE_EU_2026,Will Europe record a severe heatwave in July 2026?,0.3635,0.3908,217,231
2026-06-01T13:57:50+00:00,polymarket,PM_HURRICANE_FL_2026,Will a named hurricane make Florida landfall in 2026?,0.2769,0.3099,72,181
2026-06-01T13:58:00+00:00,kalshi,KX_BIRDFLU_US_2026,Will US bird flu reports exceed threshold by Dec 2026?,0.4002,0.427,153,94
2026-06-01T13:58:00+00:00,polymarket,PM_HEATWAVE_EU_2026,Will Europe record a severe heatwave in July 2026?,0.3637,0.3901,257,82
2026-06-01T13:58:00+00:00,polymarket,PM_HURRICANE_FL_2026,Will a named hurricane make Florida landfall in 2026?,0.2814,0.3094,268,167
2026-06-01T13:58:10+00:00,kalshi,KX_BIRDFLU_US_2026,Will US bird flu reports exceed threshold by Dec 2026?,0.3993,0.4302,94,41
2026-06-01T13:58:10+00:00,polymarket,PM_HEATWAVE_EU_2026,Will Europe record a severe heatwave in July 2026?,0.3591,0.3875,120,138
2026-06-01T13:58:10+00:00,polymarket,PM_HURRICANE_FL_2026,Will a named hurricane make Florida landfall in 2026?,0.2775,0.3178,258,43
2026-06-01T13:58:20+00:00,kalshi,KX_BIRDFLU_US_2026,Will US bird flu reports exceed threshold by Dec 2026?,0.4016,0.4308,68,223
2026-06-01T13:58:20+00:00,polymarket,PM_HEATWAVE_EU_2026,Will Europe record a severe heatwave in July 2026?,0.3478,0.3918,212,271
2026-06-01T13:58:20+00:00,polymarket,PM_HURRICANE_FL_2026,Will a named hurricane make Florida landfall in 2026?,0.2826,0.3135,113,46
2026-06-01T13:58:30+00:00,kalshi,KX_BIRDFLU_US_2026,Will US bird flu reports exceed threshold by Dec 2026?,0.3963,0.4289,99,40
2026-06-01T13:58:30+00:00,polymarket,PM_HEATWAVE_EU_2026,Will Europe record a severe heatwave in July 2026?,0.3519,0.3897,294,207
2026-06-01T13:58:30+00:00,polymarket,PM_HURRICANE_FL_2026,Will a named hurricane make Florida landfall in 2026?,0.2871,0.3167,107,82
2026-06-01T13:58:40+00:00,kalshi,KX_BIRDFLU_US_2026,Will US bird flu reports exceed threshold by Dec 2026?,0.3948,0.4319,261,96
2026-06-01T13:58:40+00:00,polymarket,PM_HEATWAVE_EU_2026,Will Europe record a severe heatwave in July 2026?,0.3558,0.3845,78,157
2026-06-01T13:58:40+00:00,polymarket,PM_HURRICANE_FL_2026,Will a named hurricane make Florida landfall in 2026?,0.284,0.3186,294,244
2026-06-01T13:58:50+00:00,kalshi,KX_BIRDFLU_US_2026,Will US bird flu reports exceed threshold by Dec 2026?,0.4015,0.4302,198,44
2026-06-01T13:58:50+00:00,polymarket,PM_HEATWAVE_EU_2026,Will Europe record a severe heatwave in July 2026?,0.3508,0.3828,125,249
2026-06-01T13:58:50+00:00,polymarket,PM_HURRICANE_FL_2026,Will a named hurricane make Florida landfall in 2026?,0.2841,0.3137,291,221
2026-06-01T13:59:00+00:00,kalshi,KX_BIRDFLU_US_2026,Will US bird flu reports exceed threshold by Dec 2026?,0.4031,0.4281,272,247
2026-06-01T13:59:00+00:00,polymarket,PM_HEATWAVE_EU_2026,Will Europe record a severe heatwave in July 2026?,0.3514,0.3779,173,239
2026-06-01T13:59:00+00:00,polymarket,PM_HURRICANE_FL_2026,Will a named hurricane make Florida landfall in 2026?,0.2879,0.3131,160,31
2026-06-01T13:59:10+00:00,kalshi,KX_BIRDFLU_US_2026,Will US bird flu reports exceed threshold by Dec 2026?,0.3993,0.4245,81,37
2026-06-01T13:59:10+00:00,polymarket,PM_HEATWAVE_EU_2026,Will Europe record a severe heatwave in July 2026?,0.3523,0.3848,87,131
2026-06-01T13:59:10+00:00,polymarket,PM_HURRICANE_FL_2026,Will a named hurricane make Florida landfall in 2026?,0.285,0.3226,36,169
2026-06-01T13:59:20+00:00,kalshi,KX_BIRDFLU_US_2026,Will US bird flu reports exceed threshold by Dec 2026?,0.4,0.4255,213,64
2026-06-01T13:59:20+00:00,polymarket,PM_HEATWAVE_EU_2026,Will Europe record a severe heatwave in July 2026?,0.3573,0.3846,190,89
2026-06-01T13:59:20+00:00,polymarket,PM_HURRICANE_FL_2026,Will a named hurricane make Florida landfall in 2026?,0.2889,0.3145,72,222
2026-06-01T13:59:30+00:00,kalshi,KX_BIRDFLU_US_2026,Will US bird flu reports exceed threshold by Dec 2026?,0.3927,0.4281,75,193
2026-06-01T13:59:30+00:00,polymarket,PM_HEATWAVE_EU_2026,Will Europe record a severe heatwave in July 2026?,0.3592,0.385,138,269
2026-06-01T13:59:30+00:00,polymarket,PM_HURRICANE_FL_2026,Will a named hurricane make Florida landfall in 2026?,0.2921,0.3173,42,111
2026-06-01T13:59:40+00:00,kalshi,KX_BIRDFLU_US_2026,Will US bird flu reports exceed threshold by Dec 2026?,0.3988,0.4291,254,63
2026-06-01T13:59:40+00:00,polymarket,PM_HEATWAVE_EU_2026,Will Europe record a severe heatwave in July 2026?,0.3561,0.3859,166,227
2026-06-01T13:59:40+00:00,polymarket,PM_HURRICANE_FL_2026,Will a named hurricane make Florida landfall in 2026?,0.282,0.3206,34,97
2026-06-01T13:59:50+00:00,kalshi,KX_BIRDFLU_US_2026,Will US bird flu reports exceed threshold by Dec 2026?,0.4,0.4301,260,166
2026-06-01T13:59:50+00:00,polymarket,PM_HEATWAVE_EU_2026,Will Europe record a severe heatwave in July 2026?,0.3575,0.3837,138,239
2026-06-01T13:59:50+00:00,polymarket,PM_HURRICANE_FL_2026,Will a named hurricane make Florida landfall in 2026?,0.2908,0.3183,178,123
2026-06-01T14:00:00+00:00,kalshi,KX_BIRDFLU_US_2026,Will US bird flu reports exceed threshold by Dec 2026?,0.3988,0.4362,125,299
2026-06-01T14:00:00+00:00,polymarket,PM_HEATWAVE_EU_2026,Will Europe record a severe heatwave in July 2026?,0.3507,0.383,272,100
2026-06-01T14:00:00+00:00,polymarket,PM_HURRICANE_FL_2026,Will a named hurricane make Florida landfall in 2026?,0.2907,0.3283,215,153
2026-06-01T14:00:10+00:00,kalshi,KX_BIRDFLU_US_2026,Will US bird flu reports exceed threshold by Dec 2026?,0.4053,0.4311,283,126
2026-06-01T14:00:10+00:00,polymarket,PM_HEATWAVE_EU_2026,Will Europe record a severe heatwave in July 2026?,0.3457,0.3897,222,284
2026-06-01T14:00:10+00:00,polymarket,PM_HURRICANE_FL_2026,Will a named hurricane make Florida landfall in 2026?,0.2941,0.3299,59,255
2026-06-01T14:00:20+00:00,kalshi,KX_BIRDFLU_US_2026,Will US bird flu reports exceed threshold by Dec 2026?,0.4072,0.4373,227,88
2026-06-01T14:00:20+00:00,polymarket,PM_HEATWAVE_EU_2026,Will Europe record a severe heatwave in July 2026?,0.3529,0.381,287,125
2026-06-01T14:00:20+00:00,polymarket,PM_HURRICANE_FL_2026,Will a named hurricane make Florida landfall in 2026?,0.2983,0.3372,61,240
2026-06-01T14:00:30+00:00,kalshi,KX_BIRDFLU_US_2026,Will US bird flu reports exceed threshold by Dec 2026?,0.4074,0.4361,87,227
2026-06-01T14:00:30+00:00,polymarket,PM_HEATWAVE_EU_2026,Will Europe record a severe heatwave in July 2026?,0.3549,0.3827,84,93
2026-06-01T14:00:30+00:00,polymarket,PM_HURRICANE_FL_2026,Will a named hurricane make Florida landfall in 2026?,0.3008,0.3331,154,143
2026-06-01T14:00:40+00:00,kalshi,KX_BIRDFLU_US_2026,Will US bird flu reports exceed threshold by Dec 2026?,0.4072,0.4353,296,81
2026-06-01T14:00:40+00:00,polymarket,PM_HEATWAVE_EU_2026,Will Europe record a severe heatwave in July 2026?,0.3593,0.3856,275,206
2026-06-01T14:00:40+00:00,polymarket,PM_HURRICANE_FL_2026,Will a named hurricane make Florida landfall in 2026?,0.2978,0.3278,234,229
2026-06-01T14:00:50+00:00,kalshi,KX_BIRDFLU_US_2026,Will US bird flu reports exceed threshold by Dec 2026?,0.4007,0.4415,158,215
2026-06-01T14:00:50+00:00,polymarket,PM_HEATWAVE_EU_2026,Will Europe record a severe heatwave in July 2026?,0.36,0.3878,112,64
2026-06-01T14:00:50+00:00,polymarket,PM_HURRICANE_FL_2026,Will a named hurricane make Florida landfall in 2026?,0.2964,0.3333,144,228
2026-06-01T14:01:00+00:00,kalshi,KX_BIRDFLU_US_2026,Will US bird flu reports exceed threshold by Dec 2026?,0.4031,0.4361,100,267
2026-06-01T14:01:00+00:00,polymarket,PM_HEATWAVE_EU_2026,Will Europe record a severe heatwave in July 2026?,0.3574,0.3903,61,225
2026-06-01T14:01:00+00:00,polymarket,PM_HURRICANE_FL_2026,Will a named hurricane make Florida landfall in 2026?,0.3045,0.3338,50,229
2026-06-01T14:01:10+00:00,kalshi,KX_BIRDFLU_US_2026,Will US bird flu reports exceed threshold by Dec 2026?,0.4115,0.44,89,186
2026-06-01T14:01:10+00:00,polymarket,PM_HEATWAVE_EU_2026,Will Europe record a severe heatwave in July 2026?,0.3615,0.391,174,145
2026-06-01T14:01:10+00:00,polymarket,PM_HURRICANE_FL_2026,Will a named hurricane make Florida landfall in 2026?,0.3005,0.3296,103,126
2026-06-01T14:01:20+00:00,kalshi,KX_BIRDFLU_US_2026,Will US bird flu reports exceed threshold by Dec 2026?,0.4063,0.4389,76,152
2026-06-01T14:01:20+00:00,polymarket,PM_HEATWAVE_EU_2026,Will Europe record a severe heatwave in July 2026?,0.3553,0.3911,198,117
2026-06-01T14:01:20+00:00,polymarket,PM_HURRICANE_FL_2026,Will a named hurricane make Florida landfall in 2026?,0.3015,0.3319,60,65
2026-06-01T14:01:30+00:00,kalshi,KX_BIRDFLU_US_2026,Will US bird flu reports exceed threshold by Dec 2026?,0.4015,0.4337,232,33
2026-06-01T14:01:30+00:00,polymarket,PM_HEATWAVE_EU_2026,Will Europe record a severe heatwave in July 2026?,0.3622,0.3923,66,288
2026-06-01T14:01:30+00:00,polymarket,PM_HURRICANE_FL_2026,Will a named hurricane make Florida landfall in 2026?,0.3001,0.327,285,141
2026-06-01T14:01:40+00:00,kalshi,KX_BIRDFLU_US_2026,Will US bird flu reports exceed threshold by Dec 2026?,0.4042,0.4334,62,290
2026-06-01T14:01:40+00:00,polymarket,PM_HEATWAVE_EU_2026,Will Europe record a severe heatwave in July 2026?,0.3585,0.3861,67,26
2026-06-01T14:01:40+00:00,polymarket,PM_HURRICANE_FL_2026,Will a named hurricane make Florida landfall in 2026?,0.299,0.3343,156,145
2026-06-01T14:01:50+00:00,kalshi,KX_BIRDFLU_US_2026,Will US bird flu reports exceed threshold by Dec 2026?,0.4035,0.4343,298,29
2026-06-01T14:01:50+00:00,polymarket,PM_HEATWAVE_EU_2026,Will Europe record a severe heatwave in July 2026?,0.3493,0.3938,164,262
2026-06-01T14:01:50+00:00,polymarket,PM_HURRICANE_FL_2026,Will a named hurricane make Florida landfall in 2026?,0.302,0.3372,244,229
2026-06-01T14:02:00+00:00,kalshi,KX_BIRDFLU_US_2026,Will US bird flu reports exceed threshold by Dec 2026?,0.4081,0.4384,87,49
2026-06-01T14:02:00+00:00,polymarket,PM_HEATWAVE_EU_2026,Will Europe record a severe heatwave in July 2026?,0.3552,0.3835,157,70
2026-06-01T14:02:00+00:00,polymarket,PM_HURRICANE_FL_2026,Will a named hurricane make Florida landfall in 2026?,0.3039,0.3329,89,67
2026-06-01T14:02:10+00:00,kalshi,KX_BIRDFLU_US_2026,Will US bird flu reports exceed threshold by Dec 2026?,0.4089,0.4488,136,263
2026-06-01T14:02:10+00:00,polymarket,PM_HEATWAVE_EU_2026,Will Europe record a severe heatwave in July 2026?,0.3525,0.3864,203,162
2026-06-01T14:02:10+00:00,polymarket,PM_HURRICANE_FL_2026,Will a named hurricane make Florida landfall in 2026?,0.3081,0.3333,81,20
2026-06-01T14:02:20+00:00,kalshi,KX_BIRDFLU_US_2026,Will US bird flu reports exceed threshold by Dec 2026?,0.4162,0.4497,179,187
2026-06-01T14:02:20+00:00,polymarket,PM_HEATWAVE_EU_2026,Will Europe record a severe heatwave in July 2026?,0.3549,0.3885,28,251
2026-06-01T14:02:20+00:00,polymarket,PM_HURRICANE_FL_2026,Will a named hurricane make Florida landfall in 2026?,0.3079,0.3414,87,104
2026-06-01T14:02:30+00:00,kalshi,KX_BIRDFLU_US_2026,Will US bird flu reports exceed threshold by Dec 2026?,0.4207,0.4484,97,255
2026-06-01T14:02:30+00:00,polymarket,PM_HEATWAVE_EU_2026,Will Europe record a severe heatwave in July 2026?,0.3575,0.3851,100,229
2026-06-01T14:02:30+00:00,polymarket,PM_HURRICANE_FL_2026,Will a named hurricane make Florida landfall in 2026?,0.3091,0.3409,264,154
2026-06-01T14:02:40+00:00,kalshi,KX_BIRDFLU_US_2026,Will US bird flu reports exceed threshold by Dec 2026?,0.4167,0.4439,160,141
2026-06-01T14:02:40+00:00,polymarket,PM_HEATWAVE_EU_2026,Will Europe record a severe heatwave in July 2026?,0.3531,0.3869,219,269
2026-06-01T14:02:40+00:00,polymarket,PM_HURRICANE_FL_2026,Will a named hurricane make Florida landfall in 2026?,0.3015,0.3394,72,194
2026-06-01T14:02:50+00:00,kalshi,KX_BIRDFLU_US_2026,Will US bird flu reports exceed threshold by Dec 2026?,0.4169,0.4439,153,207
2026-06-01T14:02:50+00:00,polymarket,PM_HEATWAVE_EU_2026,Will Europe record a severe heatwave in July 2026?,0.3564,0.3814,164,253
2026-06-01T14:02:50+00:00,polymarket,PM_HURRICANE_FL_2026,Will a named hurricane make Florida landfall in 2026?,0.3084,0.3401,142,163
2026-06-01T14:03:00+00:00,kalshi,KX_BIRDFLU_US_2026,Will US bird flu reports exceed threshold by Dec 2026?,0.4104,0.4395,146,217
2026-06-01T14:03:00+00:00,polymarket,PM_HEATWAVE_EU_2026,Will Europe record a severe heatwave in July 2026?,0.3463,0.3767,182,102
2026-06-01T14:03:00+00:00,polymarket,PM_HURRICANE_FL_2026,Will a named hurricane make Florida landfall in 2026?,0.3077,0.3442,177,200
2026-06-01T14:03:10+00:00,kalshi,KX_BIRDFLU_US_2026,Will US bird flu reports exceed threshold by Dec 2026?,0.4057,0.4359,34,222
2026-06-01T14:03:10+00:00,polymarket,PM_HEATWAVE_EU_2026,Will Europe record a severe heatwave in July 2026?,0.3469,0.3766,23,183
2026-06-01T14:03:10+00:00,polymarket,PM_HURRICANE_FL_2026,Will a named hurricane make Florida landfall in 2026?,0.3048,0.3353,100,260
2026-06-01T14:03:20+00:00,kalshi,KX_BIRDFLU_US_2026,Will US bird flu reports exceed threshold by Dec 2026?,0.3979,0.4348,265,152
2026-06-01T14:03:20+00:00,polymarket,PM_HEATWAVE_EU_2026,Will Europe record a severe heatwave in July 2026?,0.3435,0.3742,224,29
2026-06-01T14:03:20+00:00,polymarket,PM_HURRICANE_FL_2026,Will a named hurricane make Florida landfall in 2026?,0.3021,0.3391,285,146
2026-06-01T14:03:30+00:00,kalshi,KX_BIRDFLU_US_2026,Will US bird flu reports exceed threshold by Dec 2026?,0.3976,0.4332,253,138
2026-06-01T14:03:30+00:00,polymarket,PM_HEATWAVE_EU_2026,Will Europe record a severe heatwave in July 2026?,0.3414,0.37,250,298
2026-06-01T14:03:30+00:00,polymarket,PM_HURRICANE_FL_2026,Will a named hurricane make Florida landfall in 2026?,0.3043,0.3297,214,172
2026-06-01T14:03:40+00:00,kalshi,KX_BIRDFLU_US_2026,Will US bird flu reports exceed threshold by Dec 2026?,0.3927,0.433,134,223
2026-06-01T14:03:40+00:00,polymarket,PM_HEATWAVE_EU_2026,Will Europe record a severe heatwave in July 2026?,0.3489,0.3748,25,45
2026-06-01T14:03:40+00:00,polymarket,PM_HURRICANE_FL_2026,Will a named hurricane make Florida landfall in 2026?,0.3055,0.3322,194,200
2026-06-01T14:03:50+00:00,kalshi,KX_BIRDFLU_US_2026,Will US bird flu reports exceed threshold by Dec 2026?,0.3949,0.4269,199,84
2026-06-01T14:03:50+00:00,polymarket,PM_HEATWAVE_EU_2026,Will Europe record a severe heatwave in July 2026?,0.3438,0.3794,180,281
2026-06-01T14:03:50+00:00,polymarket,PM_HURRICANE_FL_2026,Will a named hurricane make Florida landfall in 2026?,0.3091,0.3351,39,146
2026-06-01T14:04:00+00:00,kalshi,KX_BIRDFLU_US_2026,Will US bird flu reports exceed threshold by Dec 2026?,0.3976,0.4239,224,286
2026-06-01T14:04:00+00:00,polymarket,PM_HEATWAVE_EU_2026,Will Europe record a severe heatwave in July 2026?,0.3385,0.3824,252,177
2026-06-01T14:04:00+00:00,polymarket,PM_HURRICANE_FL_2026,Will a named hurricane make Florida landfall in 2026?,0.3005,0.3382,233,201
2026-06-01T14:04:10+00:00,kalshi,KX_BIRDFLU_US_2026,Will US bird flu reports exceed threshold by Dec 2026?,0.3912,0.4208,145,110
2026-06-01T14:04:10+00:00,polymarket,PM_HEATWAVE_EU_2026,Will Europe record a severe heatwave in July 2026?,0.3413,0.3721,280,168
2026-06-01T14:04:10+00:00,polymarket,PM_HURRICANE_FL_2026,Will a named hurricane make Florida landfall in 2026?,0.2996,0.344,105,236
2026-06-01T14:04:20+00:00,kalshi,KX_BIRDFLU_US_2026,Will US bird flu reports exceed threshold by Dec 2026?,0.3916,0.4252,80,136
2026-06-01T14:04:20+00:00,polymarket,PM_HEATWAVE_EU_2026,Will Europe record a severe heatwave in July 2026?,0.3371,0.3712,208,157
2026-06-01T14:04:20+00:00,polymarket,PM_HURRICANE_FL_2026,Will a named hurricane make Florida landfall in 2026?,0.3048,0.3337,183,284
2026-06-01T14:04:30+00:00,kalshi,KX_BIRDFLU_US_2026,Will US bird flu reports exceed threshold by Dec 2026?,0.3953,0.4281,275,138
2026-06-01T14:04:30+00:00,polymarket,PM_HEATWAVE_EU_2026,Will Europe record a severe heatwave in July 2026?,0.3355,0.3673,243,296
2026-06-01T14:04:30+00:00,polymarket,PM_HURRICANE_FL_2026,Will a named hurricane make Florida landfall in 2026?,0.3044,0.3408,191,193
2026-06-01T14:04:40+00:00,kalshi,KX_BIRDFLU_US_2026,Will US bird flu reports exceed threshold by Dec 2026?,0.391,0.4275,117,262
2026-06-01T14:04:40+00:00,polymarket,PM_HEATWAVE_EU_2026,Will Europe record a severe heatwave in July 2026?,0.3359,0.3618,46,93
2026-06-01T14:04:40+00:00,polymarket,PM_HURRICANE_FL_2026,Will a named hurricane make Florida landfall in 2026?,0.304,0.3398,270,100
2026-06-01T14:04:50+00:00,kalshi,KX_BIRDFLU_US_2026,Will US bird flu reports exceed threshold by Dec 2026?,0.3924,0.4232,89,137
2026-06-01T14:04:50+00:00,polymarket,PM_HEATWAVE_EU_2026,Will Europe record a severe heatwave in July 2026?,0.3303,0.3573,45,21
2026-06-01T14:04:50+00:00,polymarket,PM_HURRICANE_FL_2026,Will a named hurricane make Florida landfall in 2026?,0.304,0.3315,232,81
2026-06-01T14:05:00+00:00,kalshi,KX_BIRDFLU_US_2026,Will US bird flu reports exceed threshold by Dec 2026?,0.3915,0.4229,120,263
2026-06-01T14:05:00+00:00,polymarket,PM_HEATWAVE_EU_2026,Will Europe record a severe heatwave in July 2026?,0.3252,0.3584,199,102
2026-06-01T14:05:00+00:00,polymarket,PM_HURRICANE_FL_2026,Will a named hurricane make Florida landfall in 2026?,0.2891,0.3376,179,258
2026-06-01T14:05:10+00:00,kalshi,KX_BIRDFLU_US_2026,Will US bird flu reports exceed threshold by Dec 2026?,0.3868,0.4205,183,227
2026-06-01T14:05:10+00:00,polymarket,PM_HEATWAVE_EU_2026,Will Europe record a severe heatwave in July 2026?,0.3254,0.3596,272,129
2026-06-01T14:05:10+00:00,polymarket,PM_HURRICANE_FL_2026,Will a named hurricane make Florida landfall in 2026?,0.2991,0.3286,171,105
2026-06-01T14:05:20+00:00,kalshi,KX_BIRDFLU_US_2026,Will US bird flu reports exceed threshold by Dec 2026?,0.3853,0.4191,243,46
2026-06-01T14:05:20+00:00,polymarket,PM_HEATWAVE_EU_2026,Will Europe record a severe heatwave in July 2026?,0.3281,0.3635,36,285
2026-06-01T14:05:20+00:00,polymarket,PM_HURRICANE_FL_2026,Will a named hurricane make Florida landfall in 2026?,0.2945,0.3326,50,75
2026-06-01T14:05:30+00:00,kalshi,KX_BIRDFLU_US_2026,Will US bird flu reports exceed threshold by Dec 2026?,0.3938,0.4253,189,229
2026-06-01T14:05:30+00:00,polymarket,PM_HEATWAVE_EU_2026,Will Europe record a severe heatwave in July 2026?,0.3347,0.3645,32,159
2026-06-01T14:05:30+00:00,polymarket,PM_HURRICANE_FL_2026,Will a named hurricane make Florida landfall in 2026?,0.2968,0.3278,185,120
2026-06-01T14:05:40+00:00,kalshi,KX_BIRDFLU_US_2026,Will US bird flu reports exceed threshold by Dec 2026?,0.3977,0.4306,130,128
2026-06-01T14:05:40+00:00,polymarket,PM_HEATWAVE_EU_2026,Will Europe record a severe heatwave in July 2026?,0.3357,0.364,91,218
2026-06-01T14:05:40+00:00,polymarket,PM_HURRICANE_FL_2026,Will a named hurricane make Florida landfall in 2026?,0.294,0.3275,295,124
2026-06-01T14:05:50+00:00,kalshi,KX_BIRDFLU_US_2026,Will US bird flu reports exceed threshold by Dec 2026?,0.3949,0.4259,187,232
2026-06-01T14:05:50+00:00,polymarket,PM_HEATWAVE_EU_2026,Will Europe record a severe heatwave in July 2026?,0.3299,0.371,299,254
2026-06-01T14:05:50+00:00,polymarket,PM_HURRICANE_FL_2026,Will a named hurricane make Florida landfall in 2026?,0.2941,0.3272,58,117
2026-06-01T14:06:00+00:00,kalshi,KX_BIRDFLU_US_2026,Will US bird flu reports exceed threshold by Dec 2026?,0.3949,0.4226,155,237
2026-06-01T14:06:00+00:00,polymarket,PM_HEATWAVE_EU_2026,Will Europe record a severe heatwave in July 2026?,0.3313,0.3656,116,258
2026-06-01T14:06:00+00:00,polymarket,PM_HURRICANE_FL_2026,Will a named hurricane make Florida landfall in 2026?,0.2921,0.3258,88,81
2026-06-01T14:06:10+00:00,kalshi,KX_BIRDFLU_US_2026,Will US bird flu reports exceed threshold by Dec 2026?,0.3915,0.4272,81,140
2026-06-01T14:06:10+00:00,polymarket,PM_HEATWAVE_EU_2026,Will Europe record a severe heatwave in July 2026?,0.3251,0.3608,95,290
2026-06-01T14:06:10+00:00,polymarket,PM_HURRICANE_FL_2026,Will a named hurricane make Florida landfall in 2026?,0.2879,0.328,113,184
2026-06-01T14:06:20+00:00,kalshi,KX_BIRDFLU_US_2026,Will US bird flu reports exceed threshold by Dec 2026?,0.392,0.4228,199,192
2026-06-01T14:06:20+00:00,polymarket,PM_HEATWAVE_EU_2026,Will Europe record a severe heatwave in July 2026?,0.3273,0.3541,40,108
2026-06-01T14:06:20+00:00,polymarket,PM_HURRICANE_FL_2026,Will a named hurricane make Florida landfall in 2026?,0.2935,0.3215,146,89
2026-06-01T14:06:30+00:00,kalshi,KX_BIRDFLU_US_2026,Will US bird flu reports exceed threshold by Dec 2026?,0.3893,0.421,244,179
2026-06-01T14:06:30+00:00,polymarket,PM_HEATWAVE_EU_2026,Will Europe record a severe heatwave in July 2026?,0.3229,0.3505,282,110
2026-06-01T14:06:30+00:00,polymarket,PM_HURRICANE_FL_2026,Will a named hurricane make Florida landfall in 2026?,0.2916,0.3247,81,262
2026-06-01T14:06:40+00:00,kalshi,KX_BIRDFLU_US_2026,Will US bird flu reports exceed threshold by Dec 2026?,0.3992,0.4252,181,280
2026-06-01T14:06:40+00:00,polymarket,PM_HEATWAVE_EU_2026,Will Europe record a severe heatwave in July 2026?,0.3234,0.3489,85,156
2026-06-01T14:06:40+00:00,polymarket,PM_HURRICANE_FL_2026,Will a named hurricane make Florida landfall in 2026?,0.2959,0.3217,202,109
2026-06-01T14:06:50+00:00,kalshi,KX_BIRDFLU_US_2026,Will US bird flu reports exceed threshold by Dec 2026?,0.3918,0.4274,32,135
2026-06-01T14:06:50+00:00,polymarket,PM_HEATWAVE_EU_2026,Will Europe record a severe heatwave in July 2026?,0.3108,0.3581,157,101
2026-06-01T14:06:50+00:00,polymarket,PM_HURRICANE_FL_2026,Will a named hurricane make Florida landfall in 2026?,0.2984,0.3287,228,96
2026-06-01T14:07:00+00:00,kalshi,KX_BIRDFLU_US_2026,Will US bird flu reports exceed threshold by Dec 2026?,0.3916,0.4181,290,141
2026-06-01T14:07:00+00:00,polymarket,PM_HEATWAVE_EU_2026,Will Europe record a severe heatwave in July 2026?,0.3167,0.3488,24,112
2026-06-01T14:07:00+00:00,polymarket,PM_HURRICANE_FL_2026,Will a named hurricane make Florida landfall in 2026?,0.299,0.3319,264,185
2026-06-01T14:07:10+00:00,kalshi,KX_BIRDFLU_US_2026,Will US bird flu reports exceed threshold by Dec 2026?,0.3903,0.4213,294,151
2026-06-01T14:07:10+00:00,polymarket,PM_HEATWAVE_EU_2026,Will Europe record a severe heatwave in July 2026?,0.3238,0.3528,210,69
2026-06-01T14:07:10+00:00,polymarket,PM_HURRICANE_FL_2026,Will a named hurricane make Florida landfall in 2026?,0.2977,0.3372,240,272
2026-06-01T14:07:20+00:00,kalshi,KX_BIRDFLU_US_2026,Will US bird flu reports exceed threshold by Dec 2026?,0.3884,0.4222,84,157
2026-06-01T14:07:20+00:00,polymarket,PM_HEATWAVE_EU_2026,Will Europe record a severe heatwave in July 2026?,0.321,0.3593,230,151
2026-06-01T14:07:20+00:00,polymarket,PM_HURRICANE_FL_2026,Will a named hurricane make Florida landfall in 2026?,0.3035,0.3311,111,197
2026-06-01T14:07:30+00:00,kalshi,KX_BIRDFLU_US_2026,Will US bird flu reports exceed threshold by Dec 2026?,0.3859,0.4227,271,60
2026-06-01T14:07:30+00:00,polymarket,PM_HEATWAVE_EU_2026,Will Europe record a severe heatwave in July 2026?,0.3213,0.3598,183,93
2026-06-01T14:07:30+00:00,polymarket,PM_HURRICANE_FL_2026,Will a named hurricane make Florida landfall in 2026?,0.3019,0.3317,262,88
2026-06-01T14:07:40+00:00,kalshi,KX_BIRDFLU_US_2026,Will US bird flu reports exceed threshold by Dec 2026?,0.3951,0.4202,139,298
2026-06-01T14:07:40+00:00,polymarket,PM_HEATWAVE_EU_2026,Will Europe record a severe heatwave in July 2026?,0.3229,0.3534,217,93
2026-06-01T14:07:40+00:00,polymarket,PM_HURRICANE_FL_2026,Will a named hurricane make Florida landfall in 2026?,0.2968,0.3251,291,130
2026-06-01T14:07:50+00:00,kalshi,KX_BIRDFLU_US_2026,Will US bird flu reports exceed threshold by Dec 2026?,0.3998,0.4267,151,298
2026-06-01T14:07:50+00:00,polymarket,PM_HEATWAVE_EU_2026,Will Europe record a severe heatwave in July 2026?,0.3258,0.3582,158,154
2026-06-01T14:07:50+00:00,polymarket,PM_HURRICANE_FL_2026,Will a named hurricane make Florida landfall in 2026?,0.297,0.324,102,108
2026-06-01T14:08:00+00:00,kalshi,KX_BIRDFLU_US_2026,Will US bird flu reports exceed threshold by Dec 2026?,0.3978,0.4248,113,37
2026-06-01T14:08:00+00:00,polymarket,PM_HEATWAVE_EU_2026,Will Europe record a severe heatwave in July 2026?,0.3311,0.3563,297,64
2026-06-01T14:08:00+00:00,polymarket,PM_HURRICANE_FL_2026,Will a named hurricane make Florida landfall in 2026?,0.2903,0.3362,204,227
2026-06-01T14:08:10+00:00,kalshi,KX_BIRDFLU_US_2026,Will US bird flu reports exceed threshold by Dec 2026?,0.3977,0.4278,299,198
2026-06-01T14:08:10+00:00,polymarket,PM_HEATWAVE_EU_2026,Will Europe record a severe heatwave in July 2026?,0.3202,0.3687,157,182
2026-06-01T14:08:10+00:00,polymarket,PM_HURRICANE_FL_2026,Will a named hurricane make Florida landfall in 2026?,0.3006,0.329,72,289
2026-06-01T14:08:20+00:00,kalshi,KX_BIRDFLU_US_2026,Will US bird flu reports exceed threshold by Dec 2026?,0.3988,0.4361,287,122
2026-06-01T14:08:20+00:00,polymarket,PM_HEATWAVE_EU_2026,Will Europe record a severe heatwave in July 2026?,0.3249,0.3553,143,95
2026-06-01T14:08:20+00:00,polymarket,PM_HURRICANE_FL_2026,Will a named hurricane make Florida landfall in 2026?,0.2981,0.3271,234,149
2026-06-01T14:08:30+00:00,kalshi,KX_BIRDFLU_US_2026,Will US bird flu reports exceed threshold by Dec 2026?,0.398,0.4356,228,236
2026-06-01T14:08:30+00:00,polymarket,PM_HEATWAVE_EU_2026,Will Europe record a severe heatwave in July 2026?,0.3253,0.3524,207,229
2026-06-01T14:08:30+00:00,polymarket,PM_HURRICANE_FL_2026,Will a named hurricane make Florida landfall in 2026?,0.2984,0.3288,28,112
2026-06-01T14:08:40+00:00,kalshi,KX_BIRDFLU_US_2026,Will US bird flu reports exceed threshold by Dec 2026?,0.3975,0.4256,278,265
2026-06-01T14:08:40+00:00,polymarket,PM_HEATWAVE_EU_2026,Will Europe record a severe heatwave in July 2026?,0.3184,0.3551,105,57
2026-06-01T14:08:40+00:00,polymarket,PM_HURRICANE_FL_2026,Will a named hurricane make Florida landfall in 2026?,0.2987,0.3251,171,191
2026-06-01T14:08:50+00:00,kalshi,KX_BIRDFLU_US_2026,Will US bird flu reports exceed threshold by Dec 2026?,0.3943,0.422,134,224
2026-06-01T14:08:50+00:00,polymarket,PM_HEATWAVE_EU_2026,Will Europe record a severe heatwave in July 2026?,0.3154,0.3563,202,273
2026-06-01T14:08:50+00:00,polymarket,PM_HURRICANE_FL_2026,Will a named hurricane make Florida landfall in 2026?,0.296,0.3247,239,258
2026-06-01T14:09:00+00:00,kalshi,KX_BIRDFLU_US_2026,Will US bird flu reports exceed threshold by Dec 2026?,0.3961,0.4213,34,150
2026-06-01T14:09:00+00:00,polymarket,PM_HEATWAVE_EU_2026,Will Europe record a severe heatwave in July 2026?,0.3216,0.3505,158,111
2026-06-01T14:09:00+00:00,polymarket,PM_HURRICANE_FL_2026,Will a named hurricane make Florida landfall in 2026?,0.2938,0.332,230,179
2026-06-01T14:09:10+00:00,kalshi,KX_BIRDFLU_US_2026,Will US bird flu reports exceed threshold by Dec 2026?,0.3907,0.4169,99,291
2026-06-01T14:09:10+00:00,polymarket,PM_HEATWAVE_EU_2026,Will Europe record a severe heatwave in July 2026?,0.328,0.3544,78,117
2026-06-01T14:09:10+00:00,polymarket,PM_HURRICANE_FL_2026,Will a named hurricane make Florida landfall in 2026?,0.3021,0.3349,138,46
2026-06-01T14:09:20+00:00,kalshi,KX_BIRDFLU_US_2026,Will US bird flu reports exceed threshold by Dec 2026?,0.3912,0.4318,24,235
2026-06-01T14:09:20+00:00,polymarket,PM_HEATWAVE_EU_2026,Will Europe record a severe heatwave in July 2026?,0.3204,0.3491,243,229
2026-06-01T14:09:20+00:00,polymarket,PM_HURRICANE_FL_2026,Will a named hurricane make Florida landfall in 2026?,0.296,0.3382,239,37
2026-06-01T14:09:30+00:00,kalshi,KX_BIRDFLU_US_2026,Will US bird flu reports exceed threshold by Dec 2026?,0.4007,0.4271,154,260
2026-06-01T14:09:30+00:00,polymarket,PM_HEATWAVE_EU_2026,Will Europe record a severe heatwave in July 2026?,0.3226,0.3491,107,39
2026-06-01T14:09:30+00:00,polymarket,PM_HURRICANE_FL_2026,Will a named hurricane make Florida landfall in 2026?,0.3004,0.3322,246,75
2026-06-01T14:09:40+00:00,kalshi,KX_BIRDFLU_US_2026,Will US bird flu reports exceed threshold by Dec 2026?,0.3993,0.432,287,112
2026-06-01T14:09:40+00:00,polymarket,PM_HEATWAVE_EU_2026,Will Europe record a severe heatwave in July 2026?,0.318,0.3431,56,49
2026-06-01T14:09:40+00:00,polymarket,PM_HURRICANE_FL_2026,Will a named hurricane make Florida landfall in 2026?,0.297,0.3403,274,183
2026-06-01T14:09:50+00:00,kalshi,KX_BIRDFLU_US_2026,Will US bird flu reports exceed threshold by Dec 2026?,0.3903,0.4256,176,212
2026-06-01T14:09:50+00:00,polymarket,PM_HEATWAVE_EU_2026,Will Europe record a severe heatwave in July 2026?,0.3193,0.3465,67,164
2026-06-01T14:09:50+00:00,polymarket,PM_HURRICANE_FL_2026,Will a named hurricane make Florida landfall in 2026?,0.2986,0.3332,70,68
2026-06-01T14:10:00+00:00,kalshi,KX_BIRDFLU_US_2026,Will US bird flu reports exceed threshold by Dec 2026?,0.3872,0.4223,119,236
2026-06-01T14:10:00+00:00,polymarket,PM_HEATWAVE_EU_2026,Will Europe record a severe heatwave in July 2026?,0.3177,0.3473,213,57
2026-06-01T14:10:00+00:00,polymarket,PM_HURRICANE_FL_2026,Will a named hurricane make Florida landfall in 2026?,0.3052,0.3315,209,173
2026-06-01T14:10:10+00:00,kalshi,KX_BIRDFLU_US_2026,Will US bird flu reports exceed threshold by Dec 2026?,0.3844,0.4261,243,202
2026-06-01T14:10:10+00:00,polymarket,PM_HEATWAVE_EU_2026,Will Europe record a severe heatwave in July 2026?,0.3022,0.3431,211,235
2026-06-01T14:10:10+00:00,polymarket,PM_HURRICANE_FL_2026,Will a named hurricane make Florida landfall in 2026?,0.2989,0.3324,85,238
2026-06-01T14:10:20+00:00,kalshi,KX_BIRDFLU_US_2026,Will US bird flu reports exceed threshold by Dec 2026?,0.3837,0.4197,295,121
2026-06-01T14:10:20+00:00,polymarket,PM_HEATWAVE_EU_2026,Will Europe record a severe heatwave in July 2026?,0.3024,0.3424,251,48
2026-06-01T14:10:20+00:00,polymarket,PM_HURRICANE_FL_2026,Will a named hurricane make Florida landfall in 2026?,0.2926,0.3266,181,206
2026-06-01T14:10:30+00:00,kalshi,KX_BIRDFLU_US_2026,Will US bird flu reports exceed threshold by Dec 2026?,0.3862,0.4235,254,237
2026-06-01T14:10:30+00:00,polymarket,PM_HEATWAVE_EU_2026,Will Europe record a severe heatwave in July 2026?,0.3059,0.3374,275,231
2026-06-01T14:10:30+00:00,polymarket,PM_HURRICANE_FL_2026,Will a named hurricane make Florida landfall in 2026?,0.287,0.3257,133,162
2026-06-01T14:10:40+00:00,kalshi,KX_BIRDFLU_US_2026,Will US bird flu reports exceed threshold by Dec 2026?,0.3961,0.4237,146,119
2026-06-01T14:10:40+00:00,polymarket,PM_HEATWAVE_EU_2026,Will Europe record a severe heatwave in July 2026?,0.2993,0.3336,259,224
2026-06-01T14:10:40+00:00,polymarket,PM_HURRICANE_FL_2026,Will a named hurricane make Florida landfall in 2026?,0.2913,0.3215,263,213
2026-06-01T14:10:50+00:00,kalshi,KX_BIRDFLU_US_2026,Will US bird flu reports exceed threshold by Dec 2026?,0.3933,0.4318,216,116
2026-06-01T14:10:50+00:00,polymarket,PM_HEATWAVE_EU_2026,Will Europe record a severe heatwave in July 2026?,0.3038,0.3333,184,38
2026-06-01T14:10:50+00:00,polymarket,PM_HURRICANE_FL_2026,Will a named hurricane make Florida landfall in 2026?,0.298,0.3231,296,41
2026-06-01T14:11:00+00:00,kalshi,KX_BIRDFLU_US_2026,Will US bird flu reports exceed threshold by Dec 2026?,0.4005,0.4262,143,154
2026-06-01T14:11:00+00:00,polymarket,PM_HEATWAVE_EU_2026,Will Europe record a severe heatwave in July 2026?,0.2998,0.3356,59,246
2026-06-01T14:11:00+00:00,polymarket,PM_HURRICANE_FL_2026,Will a named hurricane make Florida landfall in 2026?,0.2996,0.3309,290,73
2026-06-01T14:11:10+00:00,kalshi,KX_BIRDFLU_US_2026,Will US bird flu reports exceed threshold by Dec 2026?,0.3927,0.4203,110,280
2026-06-01T14:11:10+00:00,polymarket,PM_HEATWAVE_EU_2026,Will Europe record a severe heatwave in July 2026?,0.301,0.3363,184,64
2026-06-01T14:11:10+00:00,polymarket,PM_HURRICANE_FL_2026,Will a named hurricane make Florida landfall in 2026?,0.3068,0.3353,85,156
2026-06-01T14:11:20+00:00,kalshi,KX_BIRDFLU_US_2026,Will US bird flu reports exceed threshold by Dec 2026?,0.3936,0.4236,72,147
2026-06-01T14:11:20+00:00,polymarket,PM_HEATWAVE_EU_2026,Will Europe record a severe heatwave in July 2026?,0.2997,0.3334,26,100
2026-06-01T14:11:20+00:00,polymarket,PM_HURRICANE_FL_2026,Will a named hurricane make Florida landfall in 2026?,0.3101,0.3415,94,108
2026-06-01T14:11:30+00:00,kalshi,KX_BIRDFLU_US_2026,Will US bird flu reports exceed threshold by Dec 2026?,0.3977,0.4244,289,59
2026-06-01T14:11:30+00:00,polymarket,PM_HEATWAVE_EU_2026,Will Europe record a severe heatwave in July 2026?,0.2965,0.3285,236,116
2026-06-01T14:11:30+00:00,polymarket,PM_HURRICANE_FL_2026,Will a named hurricane make Florida landfall in 2026?,0.3123,0.3401,44,135
2026-06-01T14:11:40+00:00,kalshi,KX_BIRDFLU_US_2026,Will US bird flu reports exceed threshold by Dec 2026?,0.3937,0.433,54,134
2026-06-01T14:11:40+00:00,polymarket,PM_HEATWAVE_EU_2026,Will Europe record a severe heatwave in July 2026?,0.3034,0.3289,65,124
2026-06-01T14:11:40+00:00,polymarket,PM_HURRICANE_FL_2026,Will a named hurricane make Florida landfall in 2026?,0.3063,0.3338,81,45
2026-06-01T14:11:50+00:00,kalshi,KX_BIRDFLU_US_2026,Will US bird flu reports exceed threshold by Dec 2026?,0.4005,0.428,33,288
2026-06-01T14:11:50+00:00,polymarket,PM_HEATWAVE_EU_2026,Will Europe record a severe heatwave in July 2026?,0.3035,0.33,197,100
2026-06-01T14:11:50+00:00,polymarket,PM_HURRICANE_FL_2026,Will a named hurricane make Florida landfall in 2026?,0.3034,0.3305,83,285
2026-06-01T14:12:00+00:00,kalshi,KX_BIRDFLU_US_2026,Will US bird flu reports exceed threshold by Dec 2026?,0.3893,0.431,211,252
2026-06-01T14:12:00+00:00,polymarket,PM_HEATWAVE_EU_2026,Will Europe record a severe heatwave in July 2026?,0.3051,0.3303,124,263
2026-06-01T14:12:00+00:00,polymarket,PM_HURRICANE_FL_2026,Will a named hurricane make Florida landfall in 2026?,0.3067,0.3319,207,297
2026-06-01T14:12:10+00:00,kalshi,KX_BIRDFLU_US_2026,Will US bird flu reports exceed threshold by Dec 2026?,0.3937,0.4228,101,156
2026-06-01T14:12:10+00:00,polymarket,PM_HEATWAVE_EU_2026,Will Europe record a severe heatwave in July 2026?,0.3069,0.3365,78,206
2026-06-01T14:12:10+00:00,polymarket,PM_HURRICANE_FL_2026,Will a named hurricane make Florida landfall in 2026?,0.3041,0.3308,33,151
2026-06-01T14:12:20+00:00,kalshi,KX_BIRDFLU_US_2026,Will US bird flu reports exceed threshold by Dec 2026?,0.3885,0.4252,200,113
2026-06-01T14:12:20+00:00,polymarket,PM_HEATWAVE_EU_2026,Will Europe record a severe heatwave in July 2026?,0.3029,0.3386,83,293
2026-06-01T14:12:20+00:00,polymarket,PM_HURRICANE_FL_2026,Will a named hurricane make Florida landfall in 2026?,0.2998,0.3332,208,278
2026-06-01T14:12:30+00:00,kalshi,KX_BIRDFLU_US_2026,Will US bird flu reports exceed threshold by Dec 2026?,0.39,0.4244,197,216
2026-06-01T14:12:30+00:00,polymarket,PM_HEATWAVE_EU_2026,Will Europe record a severe heatwave in July 2026?,0.3017,0.3405,59,233
2026-06-01T14:12:30+00:00,polymarket,PM_HURRICANE_FL_2026,Will a named hurricane make Florida landfall in 2026?,0.3016,0.3295,32,164
2026-06-01T14:12:40+00:00,kalshi,KX_BIRDFLU_US_2026,Will US bird flu reports exceed threshold by Dec 2026?,0.394,0.4208,112,48
2026-06-01T14:12:40+00:00,polymarket,PM_HEATWAVE_EU_2026,Will Europe record a severe heatwave in July 2026?,0.3015,0.3345,223,36
2026-06-01T14:12:40+00:00,polymarket,PM_HURRICANE_FL_2026,Will a named hurricane make Florida landfall in 2026?,0.2949,0.3312,171,23
2026-06-01T14:12:50+00:00,kalshi,KX_BIRDFLU_US_2026,Will US bird flu reports exceed threshold by Dec 2026?,0.3926,0.4253,197,111
2026-06-01T14:12:50+00:00,polymarket,PM_HEATWAVE_EU_2026,Will Europe record a severe heatwave in July 2026?,0.3039,0.3331,230,110
2026-06-01T14:12:50+00:00,polymarket,PM_HURRICANE_FL_2026,Will a named hurricane make Florida landfall in 2026?,0.2995,0.331,165,197
2026-06-01T14:13:00+00:00,kalshi,KX_BIRDFLU_US_2026,Will US bird flu reports exceed threshold by Dec 2026?,0.3916,0.4203,115,121
2026-06-01T14:13:00+00:00,polymarket,PM_HEATWAVE_EU_2026,Will Europe record a severe heatwave in July 2026?,0.2992,0.3436,92,273
2026-06-01T14:13:00+00:00,polymarket,PM_HURRICANE_FL_2026,Will a named hurricane make Florida landfall in 2026?,0.2997,0.3404,244,48
2026-06-01T14:13:10+00:00,kalshi,KX_BIRDFLU_US_2026,Will US bird flu reports exceed threshold by Dec 2026?,0.3888,0.426,186,142
2026-06-01T14:13:10+00:00,polymarket,PM_HEATWAVE_EU_2026,Will Europe record a severe heatwave in July 2026?,0.3057,0.3349,244,201
2026-06-01T14:13:10+00:00,polymarket,PM_HURRICANE_FL_2026,Will a named hurricane make Florida landfall in 2026?,0.3087,0.3343,86,229
2026-06-01T14:13:20+00:00,kalshi,KX_BIRDFLU_US_2026,Will US bird flu reports exceed threshold by Dec 2026?,0.392,0.4171,226,222
2026-06-01T14:13:20+00:00,polymarket,PM_HEATWAVE_EU_2026,Will Europe record a severe heatwave in July 2026?,0.3061,0.3347,35,223
2026-06-01T14:13:20+00:00,polymarket,PM_HURRICANE_FL_2026,Will a named hurricane make Florida landfall in 2026?,0.3009,0.3292,80,292
2026-06-01T14:13:30+00:00,kalshi,KX_BIRDFLU_US_2026,Will US bird flu reports exceed threshold by Dec 2026?,0.3802,0.4246,138,50
2026-06-01T14:13:30+00:00,polymarket,PM_HEATWAVE_EU_2026,Will Europe record a severe heatwave in July 2026?,0.3073,0.3366,284,255
2026-06-01T14:13:30+00:00,polymarket,PM_HURRICANE_FL_2026,Will a named hurricane make Florida landfall in 2026?,0.2984,0.3283,148,102
2026-06-01T14:13:40+00:00,kalshi,KX_BIRDFLU_US_2026,Will US bird flu reports exceed threshold by Dec 2026?,0.3903,0.4214,105,30
2026-06-01T14:13:40+00:00,polymarket,PM_HEATWAVE_EU_2026,Will Europe record a severe heatwave in July 2026?,0.3117,0.3395,177,157
2026-06-01T14:13:40+00:00,polymarket,PM_HURRICANE_FL_2026,Will a named hurricane make Florida landfall in 2026?,0.2903,0.3348,154,269
2026-06-01T14:13:50+00:00,kalshi,KX_BIRDFLU_US_2026,Will US bird flu reports exceed threshold by Dec 2026?,0.3888,0.4163,87,137
2026-06-01T14:13:50+00:00,polymarket,PM_HEATWAVE_EU_2026,Will Europe record a severe heatwave in July 2026?,0.3011,0.343,213,82
2026-06-01T14:13:50+00:00,polymarket,PM_HURRICANE_FL_2026,Will a named hurricane make Florida landfall in 2026?,0.2974,0.3272,79,239
2026-06-01T14:14:00+00:00,kalshi,KX_BIRDFLU_US_2026,Will US bird flu reports exceed threshold by Dec 2026?,0.3863,0.4116,216,88
2026-06-01T14:14:00+00:00,polymarket,PM_HEATWAVE_EU_2026,Will Europe record a severe heatwave in July 2026?,0.3114,0.3404,26,34
2026-06-01T14:14:00+00:00,polymarket,PM_HURRICANE_FL_2026,Will a named hurricane make Florida landfall in 2026?,0.2969,0.3268,183,42
2026-06-01T14:14:10+00:00,kalshi,KX_BIRDFLU_US_2026,Will US bird flu reports exceed threshold by Dec 2026?,0.3805,0.4081,255,98
2026-06-01T14:14:10+00:00,polymarket,PM_HEATWAVE_EU_2026,Will Europe record a severe heatwave in July 2026?,0.3172,0.3427,34,190
2026-06-01T14:14:10+00:00,polymarket,PM_HURRICANE_FL_2026,Will a named hurricane make Florida landfall in 2026?,0.2988,0.3308,113,266
2026-06-01T14:14:20+00:00,kalshi,KX_BIRDFLU_US_2026,Will US bird flu reports exceed threshold by Dec 2026?,0.3796,0.4099,160,245
2026-06-01T14:14:20+00:00,polymarket,PM_HEATWAVE_EU_2026,Will Europe record a severe heatwave in July 2026?,0.3162,0.3445,197,231
2026-06-01T14:14:20+00:00,polymarket,PM_HURRICANE_FL_2026,Will a named hurricane make Florida landfall in 2026?,0.3047,0.3363,209,222
2026-06-01T14:14:30+00:00,kalshi,KX_BIRDFLU_US_2026,Will US bird flu reports exceed threshold by Dec 2026?,0.3819,0.4149,284,244
2026-06-01T14:14:30+00:00,polymarket,PM_HEATWAVE_EU_2026,Will Europe record a severe heatwave in July 2026?,0.321,0.3467,292,114
2026-06-01T14:14:30+00:00,polymarket,PM_HURRICANE_FL_2026,Will a named hurricane make Florida landfall in 2026?,0.3007,0.3363,285,292
2026-06-01T14:14:40+00:00,kalshi,KX_BIRDFLU_US_2026,Will US bird flu reports exceed threshold by Dec 2026?,0.3881,0.4196,176,63
2026-06-01T14:14:40+00:00,polymarket,PM_HEATWAVE_EU_2026,Will Europe record a severe heatwave in July 2026?,0.3183,0.3514,108,235
2026-06-01T14:14:40+00:00,polymarket,PM_HURRICANE_FL_2026,Will a named hurricane make Florida landfall in 2026?,0.3038,0.3367,242,165
2026-06-01T14:14:50+00:00,kalshi,KX_BIRDFLU_US_2026,Will US bird flu reports exceed threshold by Dec 2026?,0.3914,0.4212,190,290
2026-06-01T14:14:50+00:00,polymarket,PM_HEATWAVE_EU_2026,Will Europe record a severe heatwave in July 2026?,0.3198,0.3515,278,223
2026-06-01T14:14:50+00:00,polymarket,PM_HURRICANE_FL_2026,Will a named hurricane make Florida landfall in 2026?,0.3109,0.3378,246,125
2026-06-01T14:15:00+00:00,kalshi,KX_BIRDFLU_US_2026,Will US bird flu reports exceed threshold by Dec 2026?,0.3885,0.4255,160,23
2026-06-01T14:15:00+00:00,polymarket,PM_HEATWAVE_EU_2026,Will Europe record a severe heatwave in July 2026?,0.3189,0.3492,291,160
2026-06-01T14:15:00+00:00,polymarket,PM_HURRICANE_FL_2026,Will a named hurricane make Florida landfall in 2026?,0.3085,0.3394,39,63
2026-06-01T14:15:10+00:00,kalshi,KX_BIRDFLU_US_2026,Will US bird flu reports exceed threshold by Dec 2026?,0.3946,0.4211,156,87
2026-06-01T14:15:10+00:00,polymarket,PM_HEATWAVE_EU_2026,Will Europe record a severe heatwave in July 2026?,0.3164,0.3555,64,143
2026-06-01T14:15:10+00:00,polymarket,PM_HURRICANE_FL_2026,Will a named hurricane make Florida landfall in 2026?,0.3028,0.3391,84,121
2026-06-01T14:15:20+00:00,kalshi,KX_BIRDFLU_US_2026,Will US bird flu reports exceed threshold by Dec 2026?,0.3913,0.4249,233,292
2026-06-01T14:15:20+00:00,polymarket,PM_HEATWAVE_EU_2026,Will Europe record a severe heatwave in July 2026?,0.3221,0.3497,94,293
2026-06-01T14:15:20+00:00,polymarket,PM_HURRICANE_FL_2026,Will a named hurricane make Florida landfall in 2026?,0.3066,0.3413,188,60
2026-06-01T14:15:30+00:00,kalshi,KX_BIRDFLU_US_2026,Will US bird flu reports exceed threshold by Dec 2026?,0.3893,0.4343,83,82
2026-06-01T14:15:30+00:00,polymarket,PM_HEATWAVE_EU_2026,Will Europe record a severe heatwave in July 2026?,0.3213,0.3581,88,213
2026-06-01T14:15:30+00:00,polymarket,PM_HURRICANE_FL_2026,Will a named hurricane make Florida landfall in 2026?,0.313,0.3421,129,178
2026-06-01T14:15:40+00:00,kalshi,KX_BIRDFLU_US_2026,Will US bird flu reports exceed threshold by Dec 2026?,0.4013,0.4276,217,290
2026-06-01T14:15:40+00:00,polymarket,PM_HEATWAVE_EU_2026,Will Europe record a severe heatwave in July 2026?,0.3146,0.3529,105,221
2026-06-01T14:15:40+00:00,polymarket,PM_HURRICANE_FL_2026,Will a named hurricane make Florida landfall in 2026?,0.3065,0.3478,255,82
2026-06-01T14:15:50+00:00,kalshi,KX_BIRDFLU_US_2026,Will US bird flu reports exceed threshold by Dec 2026?,0.4013,0.4332,145,50
2026-06-01T14:15:50+00:00,polymarket,PM_HEATWAVE_EU_2026,Will Europe record a severe heatwave in July 2026?,0.3157,0.3484,232,250
2026-06-01T14:15:50+00:00,polymarket,PM_HURRICANE_FL_2026,Will a named hurricane make Florida landfall in 2026?,0.3127,0.3384,101,214
2026-06-01T14:16:00+00:00,kalshi,KX_BIRDFLU_US_2026,Will US bird flu reports exceed threshold by Dec 2026?,0.3972,0.4253,110,125
2026-06-01T14:16:00+00:00,polymarket,PM_HEATWAVE_EU_2026,Will Europe record a severe heatwave in July 2026?,0.3218,0.3556,118,131
2026-06-01T14:16:00+00:00,polymarket,PM_HURRICANE_FL_2026,Will a named hurricane make Florida landfall in 2026?,0.3092,0.339,152,247
2026-06-01T14:16:10+00:00,kalshi,KX_BIRDFLU_US_2026,Will US bird flu reports exceed threshold by Dec 2026?,0.3959,0.4248,244,104
2026-06-01T14:16:10+00:00,polymarket,PM_HEATWAVE_EU_2026,Will Europe record a severe heatwave in July 2026?,0.3157,0.3496,66,45
2026-06-01T14:16:10+00:00,polymarket,PM_HURRICANE_FL_2026,Will a named hurricane make Florida landfall in 2026?,0.3108,0.3412,85,255
2026-06-01T14:16:20+00:00,kalshi,KX_BIRDFLU_US_2026,Will US bird flu reports exceed threshold by Dec 2026?,0.4003,0.427,269,172
2026-06-01T14:16:20+00:00,polymarket,PM_HEATWAVE_EU_2026,Will Europe record a severe heatwave in July 2026?,0.318,0.3452,283,293
2026-06-01T14:16:20+00:00,polymarket,PM_HURRICANE_FL_2026,Will a named hurricane make Florida landfall in 2026?,0.3161,0.3473,154,66
2026-06-01T14:16:30+00:00,kalshi,KX_BIRDFLU_US_2026,Will US bird flu reports exceed threshold by Dec 2026?,0.4015,0.4299,99,89
2026-06-01T14:16:30+00:00,polymarket,PM_HEATWAVE_EU_2026,Will Europe record a severe heatwave in July 2026?,0.305,0.3519,139,139
2026-06-01T14:16:30+00:00,polymarket,PM_HURRICANE_FL_2026,Will a named hurricane make Florida landfall in 2026?,0.3138,0.3429,50,38
2026-06-01T14:16:40+00:00,kalshi,KX_BIRDFLU_US_2026,Will US bird flu reports exceed threshold by Dec 2026?,0.3947,0.432,54,213
2026-06-01T14:16:40+00:00,polymarket,PM_HEATWAVE_EU_2026,Will Europe record a severe heatwave in July 2026?,0.318,0.344,20,75
2026-06-01T14:16:40+00:00,polymarket,PM_HURRICANE_FL_2026,Will a named hurricane make Florida landfall in 2026?,0.3131,0.3455,187,245
2026-06-01T14:16:50+00:00,kalshi,KX_BIRDFLU_US_2026,Will US bird flu reports exceed threshold by Dec 2026?,0.3959,0.4258,119,96
2026-06-01T14:16:50+00:00,polymarket,PM_HEATWAVE_EU_2026,Will Europe record a severe heatwave in July 2026?,0.3048,0.3596,54,102
2026-06-01T14:16:50+00:00,polymarket,PM_HURRICANE_FL_2026,Will a named hurricane make Florida landfall in 2026?,0.3196,0.345,115,39
2026-06-01T14:17:00+00:00,kalshi,KX_BIRDFLU_US_2026,Will US bird flu reports exceed threshold by Dec 2026?,0.3946,0.4298,285,31
2026-06-01T14:17:00+00:00,polymarket,PM_HEATWAVE_EU_2026,Will Europe record a severe heatwave in July 2026?,0.3203,0.3457,280,39
2026-06-01T14:17:00+00:00,polymarket,PM_HURRICANE_FL_2026,Will a named hurricane make Florida landfall in 2026?,0.318,0.3445,26,242
2026-06-01T14:17:10+00:00,kalshi,KX_BIRDFLU_US_2026,Will US bird flu reports exceed threshold by Dec 2026?,0.3885,0.4382,27,245
2026-06-01T14:17:10+00:00,polymarket,PM_HEATWAVE_EU_2026,Will Europe record a severe heatwave in July 2026?,0.3139,0.3489,32,187
2026-06-01T14:17:10+00:00,polymarket,PM_HURRICANE_FL_2026,Will a named hurricane make Florida landfall in 2026?,0.313,0.3487,133,60
2026-06-01T14:17:20+00:00,kalshi,KX_BIRDFLU_US_2026,Will US bird flu reports exceed threshold by Dec 2026?,0.3973,0.4244,72,210
2026-06-01T14:17:20+00:00,polymarket,PM_HEATWAVE_EU_2026,Will Europe record a severe heatwave in July 2026?,0.3125,0.3437,110,186
2026-06-01T14:17:20+00:00,polymarket,PM_HURRICANE_FL_2026,Will a named hurricane make Florida landfall in 2026?,0.3037,0.3483,243,89
2026-06-01T14:17:30+00:00,kalshi,KX_BIRDFLU_US_2026,Will US bird flu reports exceed threshold by Dec 2026?,0.3888,0.4268,231,239
2026-06-01T14:17:30+00:00,polymarket,PM_HEATWAVE_EU_2026,Will Europe record a severe heatwave in July 2026?,0.314,0.3478,27,58
2026-06-01T14:17:30+00:00,polymarket,PM_HURRICANE_FL_2026,Will a named hurricane make Florida landfall in 2026?,0.3086,0.3357,240,49
2026-06-01T14:17:40+00:00,kalshi,KX_BIRDFLU_US_2026,Will US bird flu reports exceed threshold by Dec 2026?,0.3917,0.4232,97,56
2026-06-01T14:17:40+00:00,polymarket,PM_HEATWAVE_EU_2026,Will Europe record a severe heatwave in July 2026?,0.3167,0.3425,45,57
2026-06-01T14:17:40+00:00,polymarket,PM_HURRICANE_FL_2026,Will a named hurricane make Florida landfall in 2026?,0.3104,0.3386,161,154
2026-06-01T14:17:50+00:00,kalshi,KX_BIRDFLU_US_2026,Will US bird flu reports exceed threshold by Dec 2026?,0.3924,0.4236,78,184
2026-06-01T14:17:50+00:00,polymarket,PM_HEATWAVE_EU_2026,Will Europe record a severe heatwave in July 2026?,0.3166,0.3451,147,161
2026-06-01T14:17:50+00:00,polymarket,PM_HURRICANE_FL_2026,Will a named hurricane make Florida landfall in 2026?,0.31,0.3363,46,96
2026-06-01T14:18:00+00:00,kalshi,KX_BIRDFLU_US_2026,Will US bird flu reports exceed threshold by Dec 2026?,0.3851,0.4296,260,46
2026-06-01T14:18:00+00:00,polymarket,PM_HEATWAVE_EU_2026,Will Europe record a severe heatwave in July 2026?,0.3098,0.3447,165,230
2026-06-01T14:18:00+00:00,polymarket,PM_HURRICANE_FL_2026,Will a named hurricane make Florida landfall in 2026?,0.3044,0.3398,244,41
2026-06-01T14:18:10+00:00,kalshi,KX_BIRDFLU_US_2026,Will US bird flu reports exceed threshold by Dec 2026?,0.3894,0.4248,218,42
2026-06-01T14:18:10+00:00,polymarket,PM_HEATWAVE_EU_2026,Will Europe record a severe heatwave in July 2026?,0.3038,0.3467,39,167
2026-06-01T14:18:10+00:00,polymarket,PM_HURRICANE_FL_2026,Will a named hurricane make Florida landfall in 2026?,0.3044,0.336,122,173
2026-06-01T14:18:20+00:00,kalshi,KX_BIRDFLU_US_2026,Will US bird flu reports exceed threshold by Dec 2026?,0.3912,0.4231,215,177
2026-06-01T14:18:20+00:00,polymarket,PM_HEATWAVE_EU_2026,Will Europe record a severe heatwave in July 2026?,0.3092,0.3359,298,66
2026-06-01T14:18:20+00:00,polymarket,PM_HURRICANE_FL_2026,Will a named hurricane make Florida landfall in 2026?,0.3001,0.3353,139,284
2026-06-01T14:18:30+00:00,kalshi,KX_BIRDFLU_US_2026,Will US bird flu reports exceed threshold by Dec 2026?,0.3994,0.4248,108,110
2026-06-01T14:18:30+00:00,polymarket,PM_HEATWAVE_EU_2026,Will Europe record a severe heatwave in July 2026?,0.3075,0.3432,55,132
2026-06-01T14:18:30+00:00,polymarket,PM_HURRICANE_FL_2026,Will a named hurricane make Florida landfall in 2026?,0.3021,0.3338,281,269
2026-06-01T14:18:40+00:00,kalshi,KX_BIRDFLU_US_2026,Will US bird flu reports exceed threshold by Dec 2026?,0.4013,0.4264,24,137
2026-06-01T14:18:40+00:00,polymarket,PM_HEATWAVE_EU_2026,Will Europe record a severe heatwave in July 2026?,0.3107,0.34,143,243
2026-06-01T14:18:40+00:00,polymarket,PM_HURRICANE_FL_2026,Will a named hurricane make Florida landfall in 2026?,0.3061,0.339,200,269
2026-06-01T14:18:50+00:00,kalshi,KX_BIRDFLU_US_2026,Will US bird flu reports exceed threshold by Dec 2026?,0.3997,0.4367,246,293
2026-06-01T14:18:50+00:00,polymarket,PM_HEATWAVE_EU_2026,Will Europe record a severe heatwave in July 2026?,0.308,0.3445,252,227
2026-06-01T14:18:50+00:00,polymarket,PM_HURRICANE_FL_2026,Will a named hurricane make Florida landfall in 2026?,0.2985,0.3413,84,219
2026-06-01T14:19:00+00:00,kalshi,KX_BIRDFLU_US_2026,Will US bird flu reports exceed threshold by Dec 2026?,0.4055,0.4386,243,260
2026-06-01T14:19:00+00:00,polymarket,PM_HEATWAVE_EU_2026,Will Europe record a severe heatwave in July 2026?,0.315,0.3422,226,182
2026-06-01T14:19:00+00:00,polymarket,PM_HURRICANE_FL_2026,Will a named hurricane make Florida landfall in 2026?,0.3037,0.3384,168,250
2026-06-01T14:19:10+00:00,kalshi,KX_BIRDFLU_US_2026,Will US bird flu reports exceed threshold by Dec 2026?,0.4084,0.4374,237,239
2026-06-01T14:19:10+00:00,polymarket,PM_HEATWAVE_EU_2026,Will Europe record a severe heatwave in July 2026?,0.3166,0.3453,276,202
2026-06-01T14:19:10+00:00,polymarket,PM_HURRICANE_FL_2026,Will a named hurricane make Florida landfall in 2026?,0.3037,0.3391,191,129
2026-06-01T14:19:20+00:00,kalshi,KX_BIRDFLU_US_2026,Will US bird flu reports exceed threshold by Dec 2026?,0.4069,0.4366,211,156
2026-06-01T14:19:20+00:00,polymarket,PM_HEATWAVE_EU_2026,Will Europe record a severe heatwave in July 2026?,0.3171,0.3535,156,103
2026-06-01T14:19:20+00:00,polymarket,PM_HURRICANE_FL_2026,Will a named hurricane make Florida landfall in 2026?,0.2986,0.337,217,134
2026-06-01T14:19:30+00:00,kalshi,KX_BIRDFLU_US_2026,Will US bird flu reports exceed threshold by Dec 2026?,0.4042,0.4294,39,145
2026-06-01T14:19:30+00:00,polymarket,PM_HEATWAVE_EU_2026,Will Europe record a severe heatwave in July 2026?,0.3167,0.3468,82,235
2026-06-01T14:19:30+00:00,polymarket,PM_HURRICANE_FL_2026,Will a named hurricane make Florida landfall in 2026?,0.2995,0.3368,167,251
2026-06-01T14:19:40+00:00,kalshi,KX_BIRDFLU_US_2026,Will US bird flu reports exceed threshold by Dec 2026?,0.4093,0.4351,110,22
2026-06-01T14:19:40+00:00,polymarket,PM_HEATWAVE_EU_2026,Will Europe record a severe heatwave in July 2026?,0.3157,0.3482,185,70
2026-06-01T14:19:40+00:00,polymarket,PM_HURRICANE_FL_2026,Will a named hurricane make Florida landfall in 2026?,0.3038,0.33,164,283
2026-06-01T14:19:50+00:00,kalshi,KX_BIRDFLU_US_2026,Will US bird flu reports exceed threshold by Dec 2026?,0.4008,0.4305,50,299
2026-06-01T14:19:50+00:00,polymarket,PM_HEATWAVE_EU_2026,Will Europe record a severe heatwave in July 2026?,0.3177,0.3498,279,177
2026-06-01T14:19:50+00:00,polymarket,PM_HURRICANE_FL_2026,Will a named hurricane make Florida landfall in 2026?,0.3048,0.3341,227,180
2026-06-01T14:20:00+00:00,kalshi,KX_BIRDFLU_US_2026,Will US bird flu reports exceed threshold by Dec 2026?,0.4021,0.4329,199,242
2026-06-01T14:20:00+00:00,polymarket,PM_HEATWAVE_EU_2026,Will Europe record a severe heatwave in July 2026?,0.3155,0.3473,94,134
2026-06-01T14:20:00+00:00,polymarket,PM_HURRICANE_FL_2026,Will a named hurricane make Florida landfall in 2026?,0.3044,0.3398,205,251
2026-06-01T14:20:10+00:00,kalshi,KX_BIRDFLU_US_2026,Will US bird flu reports exceed threshold by Dec 2026?,0.4076,0.4358,237,241
2026-06-01T14:20:10+00:00,polymarket,PM_HEATWAVE_EU_2026,Will Europe record a severe heatwave in July 2026?,0.3208,0.3526,67,61
2026-06-01T14:20:10+00:00,polymarket,PM_HURRICANE_FL_2026,Will a named hurricane make Florida landfall in 2026?,0.3074,0.3385,157,194
2026-06-01T14:20:20+00:00,kalshi,KX_BIRDFLU_US_2026,Will US bird flu reports exceed threshold by Dec 2026?,0.4065,0.4431,136,210
2026-06-01T14:20:20+00:00,polymarket,PM_HEATWAVE_EU_2026,Will Europe record a severe heatwave in July 2026?,0.3248,0.3518,262,213
2026-06-01T14:20:20+00:00,polymarket,PM_HURRICANE_FL_2026,Will a named hurricane make Florida landfall in 2026?,0.3074,0.3357,148,180
2026-06-01T14:20:30+00:00,kalshi,KX_BIRDFLU_US_2026,Will US bird flu reports exceed threshold by Dec 2026?,0.4049,0.4445,199,299
2026-06-01T14:20:30+00:00,polymarket,PM_HEATWAVE_EU_2026,Will Europe record a severe heatwave in July 2026?,0.3229,0.3507,162,261
2026-06-01T14:20:30+00:00,polymarket,PM_HURRICANE_FL_2026,Will a named hurricane make Florida landfall in 2026?,0.3114,0.3383,239,30
2026-06-01T14:20:40+00:00,kalshi,KX_BIRDFLU_US_2026,Will US bird flu reports exceed threshold by Dec 2026?,0.4039,0.4441,46,257
2026-06-01T14:20:40+00:00,polymarket,PM_HEATWAVE_EU_2026,Will Europe record a severe heatwave in July 2026?,0.323,0.3535,154,76
2026-06-01T14:20:40+00:00,polymarket,PM_HURRICANE_FL_2026,Will a named hurricane make Florida landfall in 2026?,0.306,0.3376,135,169
2026-06-01T14:20:50+00:00,kalshi,KX_BIRDFLU_US_2026,Will US bird flu reports exceed threshold by Dec 2026?,0.4086,0.4424,291,252
2026-06-01T14:20:50+00:00,polymarket,PM_HEATWAVE_EU_2026,Will Europe record a severe heatwave in July 2026?,0.3197,0.3543,75,55
2026-06-01T14:20:50+00:00,polymarket,PM_HURRICANE_FL_2026,Will a named hurricane make Florida landfall in 2026?,0.3053,0.3353,191,281
2026-06-01T14:21:00+00:00,kalshi,KX_BIRDFLU_US_2026,Will US bird flu reports exceed threshold by Dec 2026?,0.4073,0.4423,203,114
2026-06-01T14:21:00+00:00,polymarket,PM_HEATWAVE_EU_2026,Will Europe record a severe heatwave in July 2026?,0.3237,0.3502,250,216
2026-06-01T14:21:00+00:00,polymarket,PM_HURRICANE_FL_2026,Will a named hurricane make Florida landfall in 2026?,0.3035,0.3335,40,67
2026-06-01T14:21:10+00:00,kalshi,KX_BIRDFLU_US_2026,Will US bird flu reports exceed threshold by Dec 2026?,0.411,0.4484,85,246
2026-06-01T14:21:10+00:00,polymarket,PM_HEATWAVE_EU_2026,Will Europe record a severe heatwave in July 2026?,0.3257,0.354,253,201
2026-06-01T14:21:10+00:00,polymarket,PM_HURRICANE_FL_2026,Will a named hurricane make Florida landfall in 2026?,0.3028,0.3304,85,288
2026-06-01T14:21:20+00:00,kalshi,KX_BIRDFLU_US_2026,Will US bird flu reports exceed threshold by Dec 2026?,0.4156,0.4418,149,55
2026-06-01T14:21:20+00:00,polymarket,PM_HEATWAVE_EU_2026,Will Europe record a severe heatwave in July 2026?,0.3228,0.3624,69,187
2026-06-01T14:21:20+00:00,polymarket,PM_HURRICANE_FL_2026,Will a named hurricane make Florida landfall in 2026?,0.3,0.3298,222,128
2026-06-01T14:21:30+00:00,kalshi,KX_BIRDFLU_US_2026,Will US bird flu reports exceed threshold by Dec 2026?,0.4162,0.4486,36,166
2026-06-01T14:21:30+00:00,polymarket,PM_HEATWAVE_EU_2026,Will Europe record a severe heatwave in July 2026?,0.3253,0.3518,60,194
2026-06-01T14:21:30+00:00,polymarket,PM_HURRICANE_FL_2026,Will a named hurricane make Florida landfall in 2026?,0.3014,0.3316,93,57
2026-06-01T14:21:40+00:00,kalshi,KX_BIRDFLU_US_2026,Will US bird flu reports exceed threshold by Dec 2026?,0.4152,0.4508,118,218
2026-06-01T14:21:40+00:00,polymarket,PM_HEATWAVE_EU_2026,Will Europe record a severe heatwave in July 2026?,0.3132,0.3563,105,237
2026-06-01T14:21:40+00:00,polymarket,PM_HURRICANE_FL_2026,Will a named hurricane make Florida landfall in 2026?,0.3017,0.3331,145,75
2026-06-01T14:21:50+00:00,kalshi,KX_BIRDFLU_US_2026,Will US bird flu reports exceed threshold by Dec 2026?,0.4178,0.4492,282,94
2026-06-01T14:21:50+00:00,polymarket,PM_HEATWAVE_EU_2026,Will Europe record a severe heatwave in July 2026?,0.3238,0.3491,273,187
2026-06-01T14:21:50+00:00,polymarket,PM_HURRICANE_FL_2026,Will a named hurricane make Florida landfall in 2026?,0.3059,0.3333,131,293
2026-06-01T14:22:00+00:00,kalshi,KX_BIRDFLU_US_2026,Will US bird flu reports exceed threshold by Dec 2026?,0.4166,0.4524,44,277
2026-06-01T14:22:00+00:00,polymarket,PM_HEATWAVE_EU_2026,Will Europe record a severe heatwave in July 2026?,0.3271,0.3546,277,244
2026-06-01T14:22:00+00:00,polymarket,PM_HURRICANE_FL_2026,Will a named hurricane make Florida landfall in 2026?,0.3077,0.3389,29,150
2026-06-01T14:22:10+00:00,kalshi,KX_BIRDFLU_US_2026,Will US bird flu reports exceed threshold by Dec 2026?,0.42,0.4513,269,39
2026-06-01T14:22:10+00:00,polymarket,PM_HEATWAVE_EU_2026,Will Europe record a severe heatwave in July 2026?,0.3313,0.3591,49,192
2026-06-01T14:22:10+00:00,polymarket,PM_HURRICANE_FL_2026,Will a named hurricane make Florida landfall in 2026?,0.3062,0.3387,90,198
2026-06-01T14:22:20+00:00,kalshi,KX_BIRDFLU_US_2026,Will US bird flu reports exceed threshold by Dec 2026?,0.4217,0.4512,75,294
2026-06-01T14:22:20+00:00,polymarket,PM_HEATWAVE_EU_2026,Will Europe record a severe heatwave in July 2026?,0.3268,0.3639,162,32
2026-06-01T14:22:20+00:00,polymarket,PM_HURRICANE_FL_2026,Will a named hurricane make Florida landfall in 2026?,0.3094,0.3448,112,128
2026-06-01T14:22:30+00:00,kalshi,KX_BIRDFLU_US_2026,Will US bird flu reports exceed threshold by Dec 2026?,0.4243,0.4493,277,136
2026-06-01T14:22:30+00:00,polymarket,PM_HEATWAVE_EU_2026,Will Europe record a severe heatwave in July 2026?,0.3273,0.3704,280,251
2026-06-01T14:22:30+00:00,polymarket,PM_HURRICANE_FL_2026,Will a named hurricane make Florida landfall in 2026?,0.3064,0.3369,234,149
2026-06-01T14:22:40+00:00,kalshi,KX_BIRDFLU_US_2026,Will US bird flu reports exceed threshold by Dec 2026?,0.4251,0.4511,43,58
2026-06-01T14:22:40+00:00,polymarket,PM_HEATWAVE_EU_2026,Will Europe record a severe heatwave in July 2026?,0.3402,0.3655,268,98
2026-06-01T14:22:40+00:00,polymarket,PM_HURRICANE_FL_2026,Will a named hurricane make Florida landfall in 2026?,0.307,0.3359,182,203
2026-06-01T14:22:50+00:00,kalshi,KX_BIRDFLU_US_2026,Will US bird flu reports exceed threshold by Dec 2026?,0.426,0.4597,258,291
2026-06-01T14:22:50+00:00,polymarket,PM_HEATWAVE_EU_2026,Will Europe record a severe heatwave in July 2026?,0.3351,0.3712,147,197
2026-06-01T14:22:50+00:00,polymarket,PM_HURRICANE_FL_2026,Will a named hurricane make Florida landfall in 2026?,0.3106,0.3431,249,28
2026-06-01T14:23:00+00:00,kalshi,KX_BIRDFLU_US_2026,Will US bird flu reports exceed threshold by Dec 2026?,0.4266,0.4623,165,242
2026-06-01T14:23:00+00:00,polymarket,PM_HEATWAVE_EU_2026,Will Europe record a severe heatwave in July 2026?,0.331,0.366,191,252
2026-06-01T14:23:00+00:00,polymarket,PM_HURRICANE_FL_2026,Will a named hurricane make Florida landfall in 2026?,0.3154,0.3471,223,200
2026-06-01T14:23:10+00:00,kalshi,KX_BIRDFLU_US_2026,Will US bird flu reports exceed threshold by Dec 2026?,0.4342,0.4593,42,170
2026-06-01T14:23:10+00:00,polymarket,PM_HEATWAVE_EU_2026,Will Europe record a severe heatwave in July 2026?,0.3316,0.3624,188,261
2026-06-01T14:23:10+00:00,polymarket,PM_HURRICANE_FL_2026,Will a named hurricane make Florida landfall in 2026?,0.3178,0.3461,75,200
2026-06-01T14:23:20+00:00,kalshi,KX_BIRDFLU_US_2026,Will US bird flu reports exceed threshold by Dec 2026?,0.4345,0.4655,195,228
2026-06-01T14:23:20+00:00,polymarket,PM_HEATWAVE_EU_2026,Will Europe record a severe heatwave in July 2026?,0.334,0.3643,134,96
2026-06-01T14:23:20+00:00,polymarket,PM_HURRICANE_FL_2026,Will a named hurricane make Florida landfall in 2026?,0.3111,0.3516,76,273
2026-06-01T14:23:30+00:00,kalshi,KX_BIRDFLU_US_2026,Will US bird flu reports exceed threshold by Dec 2026?,0.4256,0.4687,176,238
2026-06-01T14:23:30+00:00,polymarket,PM_HEATWAVE_EU_2026,Will Europe record a severe heatwave in July 2026?,0.3301,0.3754,80,221
2026-06-01T14:23:30+00:00,polymarket,PM_HURRICANE_FL_2026,Will a named hurricane make Florida landfall in 2026?,0.3193,0.3454,190,186
2026-06-01T14:23:40+00:00,kalshi,KX_BIRDFLU_US_2026,Will US bird flu reports exceed threshold by Dec 2026?,0.4318,0.4617,33,40
2026-06-01T14:23:40+00:00,polymarket,PM_HEATWAVE_EU_2026,Will Europe record a severe heatwave in July 2026?,0.3396,0.3733,191,179
2026-06-01T14:23:40+00:00,polymarket,PM_HURRICANE_FL_2026,Will a named hurricane make Florida landfall in 2026?,0.308,0.3626,222,152
2026-06-01T14:23:50+00:00,kalshi,KX_BIRDFLU_US_2026,Will US bird flu reports exceed threshold by Dec 2026?,0.4314,0.4636,90,248
2026-06-01T14:23:50+00:00,polymarket,PM_HEATWAVE_EU_2026,Will Europe record a severe heatwave in July 2026?,0.3379,0.375,42,176
2026-06-01T14:23:50+00:00,polymarket,PM_HURRICANE_FL_2026,Will a named hurricane make Florida landfall in 2026?,0.3207,0.3485,69,61
2026-06-01T14:24:00+00:00,kalshi,KX_BIRDFLU_US_2026,Will US bird flu reports exceed threshold by Dec 2026?,0.4279,0.4622,179,276
2026-06-01T14:24:00+00:00,polymarket,PM_HEATWAVE_EU_2026,Will Europe record a severe heatwave in July 2026?,0.3369,0.3764,25,48
2026-06-01T14:24:00+00:00,polymarket,PM_HURRICANE_FL_2026,Will a named hurricane make Florida landfall in 2026?,0.3199,0.3454,182,60
2026-06-01T14:24:10+00:00,kalshi,KX_BIRDFLU_US_2026,Will US bird flu reports exceed threshold by Dec 2026?,0.4278,0.4617,170,242
2026-06-01T14:24:10+00:00,polymarket,PM_HEATWAVE_EU_2026,Will Europe record a severe heatwave in July 2026?,0.3339,0.3656,122,60
2026-06-01T14:24:10+00:00,polymarket,PM_HURRICANE_FL_2026,Will a named hurricane make Florida landfall in 2026?,0.3163,0.355,169,150
2026-06-01T14:24:20+00:00,kalshi,KX_BIRDFLU_US_2026,Will US bird flu reports exceed threshold by Dec 2026?,0.431,0.4577,140,168
2026-06-01T14:24:20+00:00,polymarket,PM_HEATWAVE_EU_2026,Will Europe record a severe heatwave in July 2026?,0.3383,0.3635,48,236
2026-06-01T14:24:20+00:00,polymarket,PM_HURRICANE_FL_2026,Will a named hurricane make Florida landfall in 2026?,0.3166,0.3559,284,272
2026-06-01T14:24:30+00:00,kalshi,KX_BIRDFLU_US_2026,Will US bird flu reports exceed threshold by Dec 2026?,0.4276,0.4591,82,28
2026-06-01T14:24:30+00:00,polymarket,PM_HEATWAVE_EU_2026,Will Europe record a severe heatwave in July 2026?,0.3371,0.3635,261,224
2026-06-01T14:24:30+00:00,polymarket,PM_HURRICANE_FL_2026,Will a named hurricane make Florida landfall in 2026?,0.319,0.3519,64,57
2026-06-01T14:24:40+00:00,kalshi,KX_BIRDFLU_US_2026,Will US bird flu reports exceed threshold by Dec 2026?,0.4326,0.4584,45,77
2026-06-01T14:24:40+00:00,polymarket,PM_HEATWAVE_EU_2026,Will Europe record a severe heatwave in July 2026?,0.3399,0.3656,177,45
2026-06-01T14:24:40+00:00,polymarket,PM_HURRICANE_FL_2026,Will a named hurricane make Florida landfall in 2026?,0.3216,0.3467,193,23
2026-06-01T14:24:50+00:00,kalshi,KX_BIRDFLU_US_2026,Will US bird flu reports exceed threshold by Dec 2026?,0.4261,0.4611,217,168
2026-06-01T14:24:50+00:00,polymarket,PM_HEATWAVE_EU_2026,Will Europe record a severe heatwave in July 2026?,0.3413,0.3718,113,296
2026-06-01T14:24:50+00:00,polymarket,PM_HURRICANE_FL_2026,Will a named hurricane make Florida landfall in 2026?,0.3216,0.351,37,143
2026-06-01T14:25:00+00:00,kalshi,KX_BIRDFLU_US_2026,Will US bird flu reports exceed threshold by Dec 2026?,0.43,0.4568,88,117
2026-06-01T14:25:00+00:00,polymarket,PM_HEATWAVE_EU_2026,Will Europe record a severe heatwave in July 2026?,0.344,0.3728,34,94
2026-06-01T14:25:00+00:00,polymarket,PM_HURRICANE_FL_2026,Will a named hurricane make Florida landfall in 2026?,0.3213,0.3501,107,194
2026-06-01T14:25:10+00:00,kalshi,KX_BIRDFLU_US_2026,Will US bird flu reports exceed threshold by Dec 2026?,0.4271,0.466,260,29
2026-06-01T14:25:10+00:00,polymarket,PM_HEATWAVE_EU_2026,Will Europe record a severe heatwave in July 2026?,0.3398,0.3755,252,258
2026-06-01T14:25:10+00:00,polymarket,PM_HURRICANE_FL_2026,Will a named hurricane make Florida landfall in 2026?,0.3236,0.3547,122,150
2026-06-01T14:25:20+00:00,kalshi,KX_BIRDFLU_US_2026,Will US bird flu reports exceed threshold by Dec 2026?,0.4277,0.4568,116,210
2026-06-01T14:25:20+00:00,polymarket,PM_HEATWAVE_EU_2026,Will Europe record a severe heatwave in July 2026?,0.3357,0.3736,27,201
2026-06-01T14:25:20+00:00,polymarket,PM_HURRICANE_FL_2026,Will a named hurricane make Florida landfall in 2026?,0.3247,0.352,38,192
2026-06-01T14:25:30+00:00,kalshi,KX_BIRDFLU_US_2026,Will US bird flu reports exceed threshold by Dec 2026?,0.4263,0.4588,63,284
2026-06-01T14:25:30+00:00,polymarket,PM_HEATWAVE_EU_2026,Will Europe record a severe heatwave in July 2026?,0.3398,0.3717,155,232
2026-06-01T14:25:30+00:00,polymarket,PM_HURRICANE_FL_2026,Will a named hurricane make Florida landfall in 2026?,0.3218,0.3577,243,299
2026-06-01T14:25:40+00:00,kalshi,KX_BIRDFLU_US_2026,Will US bird flu reports exceed threshold by Dec 2026?,0.4271,0.4556,96,193
2026-06-01T14:25:40+00:00,polymarket,PM_HEATWAVE_EU_2026,Will Europe record a severe heatwave in July 2026?,0.3416,0.3679,20,264
2026-06-01T14:25:40+00:00,polymarket,PM_HURRICANE_FL_2026,Will a named hurricane make Florida landfall in 2026?,0.3203,0.3664,215,91
2026-06-01T14:25:50+00:00,kalshi,KX_BIRDFLU_US_2026,Will US bird flu reports exceed threshold by Dec 2026?,0.4206,0.4539,44,170
2026-06-01T14:25:50+00:00,polymarket,PM_HEATWAVE_EU_2026,Will Europe record a severe heatwave in July 2026?,0.3411,0.3722,154,283
2026-06-01T14:25:50+00:00,polymarket,PM_HURRICANE_FL_2026,Will a named hurricane make Florida landfall in 2026?,0.3293,0.3557,223,51
2026-06-01T14:26:00+00:00,kalshi,KX_BIRDFLU_US_2026,Will US bird flu reports exceed threshold by Dec 2026?,0.4193,0.4475,96,80
2026-06-01T14:26:00+00:00,polymarket,PM_HEATWAVE_EU_2026,Will Europe record a severe heatwave in July 2026?,0.336,0.3809,136,53
2026-06-01T14:26:00+00:00,polymarket,PM_HURRICANE_FL_2026,Will a named hurricane make Florida landfall in 2026?,0.3304,0.3567,271,72
2026-06-01T14:26:10+00:00,kalshi,KX_BIRDFLU_US_2026,Will US bird flu reports exceed threshold by Dec 2026?,0.421,0.4519,54,156
2026-06-01T14:26:10+00:00,polymarket,PM_HEATWAVE_EU_2026,Will Europe record a severe heatwave in July 2026?,0.3465,0.3726,216,202
2026-06-01T14:26:10+00:00,polymarket,PM_HURRICANE_FL_2026,Will a named hurricane make Florida landfall in 2026?,0.3295,0.3585,23,90
2026-06-01T14:26:20+00:00,kalshi,KX_BIRDFLU_US_2026,Will US bird flu reports exceed threshold by Dec 2026?,0.4249,0.4559,246,28
2026-06-01T14:26:20+00:00,polymarket,PM_HEATWAVE_EU_2026,Will Europe record a severe heatwave in July 2026?,0.3448,0.3721,82,238
2026-06-01T14:26:20+00:00,polymarket,PM_HURRICANE_FL_2026,Will a named hurricane make Florida landfall in 2026?,0.328,0.3541,88,128
2026-06-01T14:26:30+00:00,kalshi,KX_BIRDFLU_US_2026,Will US bird flu reports exceed threshold by Dec 2026?,0.4248,0.4578,146,57
2026-06-01T14:26:30+00:00,polymarket,PM_HEATWAVE_EU_2026,Will Europe record a severe heatwave in July 2026?,0.3403,0.3745,70,98
2026-06-01T14:26:30+00:00,polymarket,PM_HURRICANE_FL_2026,Will a named hurricane make Florida landfall in 2026?,0.3228,0.3611,160,188
2026-06-01T14:26:40+00:00,kalshi,KX_BIRDFLU_US_2026,Will US bird flu reports exceed threshold by Dec 2026?,0.425,0.4555,167,209
2026-06-01T14:26:40+00:00,polymarket,PM_HEATWAVE_EU_2026,Will Europe record a severe heatwave in July 2026?,0.3345,0.3713,244,62
2026-06-01T14:26:40+00:00,polymarket,PM_HURRICANE_FL_2026,Will a named hurricane make Florida landfall in 2026?,0.3282,0.3616,178,78
2026-06-01T14:26:50+00:00,kalshi,KX_BIRDFLU_US_2026,Will US bird flu reports exceed threshold by Dec 2026?,0.4234,0.4626,204,98
2026-06-01T14:26:50+00:00,polymarket,PM_HEATWAVE_EU_2026,Will Europe record a severe heatwave in July 2026?,0.3403,0.3696,133,90
2026-06-01T14:26:50+00:00,polymarket,PM_HURRICANE_FL_2026,Will a named hurricane make Florida landfall in 2026?,0.3281,0.365,51,111
2026-06-01T14:27:00+00:00,kalshi,KX_BIRDFLU_US_2026,Will US bird flu reports exceed threshold by Dec 2026?,0.4184,0.4585,64,141
2026-06-01T14:27:00+00:00,polymarket,PM_HEATWAVE_EU_2026,Will Europe record a severe heatwave in July 2026?,0.3373,0.3663,25,182
2026-06-01T14:27:00+00:00,polymarket,PM_HURRICANE_FL_2026,Will a named hurricane make Florida landfall in 2026?,0.3323,0.3622,24,122
2026-06-01T14:27:10+00:00,kalshi,KX_BIRDFLU_US_2026,Will US bird flu reports exceed threshold by Dec 2026?,0.4184,0.4559,49,279
2026-06-01T14:27:10+00:00,polymarket,PM_HEATWAVE_EU_2026,Will Europe record a severe heatwave in July 2026?,0.3328,0.3744,237,98
2026-06-01T14:27:10+00:00,polymarket,PM_HURRICANE_FL_2026,Will a named hurricane make Florida landfall in 2026?,0.3323,0.3628,219,229
2026-06-01T14:27:20+00:00,kalshi,KX_BIRDFLU_US_2026,Will US bird flu reports exceed threshold by Dec 2026?,0.4185,0.4482,57,212
2026-06-01T14:27:20+00:00,polymarket,PM_HEATWAVE_EU_2026,Will Europe record a severe heatwave in July 2026?,0.3381,0.3718,191,57
2026-06-01T14:27:20+00:00,polymarket,PM_HURRICANE_FL_2026,Will a named hurricane make Florida landfall in 2026?,0.3329,0.3638,230,51
2026-06-01T14:27:30+00:00,kalshi,KX_BIRDFLU_US_2026,Will US bird flu reports exceed threshold by Dec 2026?,0.4154,0.4443,22,224
2026-06-01T14:27:30+00:00,polymarket,PM_HEATWAVE_EU_2026,Will Europe record a severe heatwave in July 2026?,0.3409,0.3686,228,179
2026-06-01T14:27:30+00:00,polymarket,PM_HURRICANE_FL_2026,Will a named hurricane make Florida landfall in 2026?,0.3367,0.3742,217,160
2026-06-01T14:27:40+00:00,kalshi,KX_BIRDFLU_US_2026,Will US bird flu reports exceed threshold by Dec 2026?,0.4146,0.4413,92,264
2026-06-01T14:27:40+00:00,polymarket,PM_HEATWAVE_EU_2026,Will Europe record a severe heatwave in July 2026?,0.3326,0.3631,36,299
2026-06-01T14:27:40+00:00,polymarket,PM_HURRICANE_FL_2026,Will a named hurricane make Florida landfall in 2026?,0.3384,0.3719,217,184
2026-06-01T14:27:50+00:00,kalshi,KX_BIRDFLU_US_2026,Will US bird flu reports exceed threshold by Dec 2026?,0.4179,0.447,234,42
2026-06-01T14:27:50+00:00,polymarket,PM_HEATWAVE_EU_2026,Will Europe record a severe heatwave in July 2026?,0.3225,0.3636,124,174
2026-06-01T14:27:50+00:00,polymarket,PM_HURRICANE_FL_2026,Will a named hurricane make Florida landfall in 2026?,0.339,0.3855,133,38
2026-06-01T14:28:00+00:00,kalshi,KX_BIRDFLU_US_2026,Will US bird flu reports exceed threshold by Dec 2026?,0.4118,0.4526,116,168
2026-06-01T14:28:00+00:00,polymarket,PM_HEATWAVE_EU_2026,Will Europe record a severe heatwave in July 2026?,0.3279,0.3547,100,262
2026-06-01T14:28:00+00:00,polymarket,PM_HURRICANE_FL_2026,Will a named hurricane make Florida landfall in 2026?,0.3449,0.39,41,112
2026-06-01T14:28:10+00:00,kalshi,KX_BIRDFLU_US_2026,Will US bird flu reports exceed threshold by Dec 2026?,0.4121,0.4535,259,253
2026-06-01T14:28:10+00:00,polymarket,PM_HEATWAVE_EU_2026,Will Europe record a severe heatwave in July 2026?,0.3228,0.3524,41,208
2026-06-01T14:28:10+00:00,polymarket,PM_HURRICANE_FL_2026,Will a named hurricane make Florida landfall in 2026?,0.3515,0.3906,154,81
2026-06-01T14:28:20+00:00,kalshi,KX_BIRDFLU_US_2026,Will US bird flu reports exceed threshold by Dec 2026?,0.4149,0.4532,254,216
2026-06-01T14:28:20+00:00,polymarket,PM_HEATWAVE_EU_2026,Will Europe record a severe heatwave in July 2026?,0.3237,0.3536,195,145
2026-06-01T14:28:20+00:00,polymarket,PM_HURRICANE_FL_2026,Will a named hurricane make Florida landfall in 2026?,0.3643,0.393,111,292
2026-06-01T14:28:30+00:00,kalshi,KX_BIRDFLU_US_2026,Will US bird flu reports exceed threshold by Dec 2026?,0.4218,0.4511,129,23
2026-06-01T14:28:30+00:00,polymarket,PM_HEATWAVE_EU_2026,Will Europe record a severe heatwave in July 2026?,0.3245,0.3596,185,24
2026-06-01T14:28:30+00:00,polymarket,PM_HURRICANE_FL_2026,Will a named hurricane make Florida landfall in 2026?,0.3603,0.3945,295,235
2026-06-01T14:28:40+00:00,kalshi,KX_BIRDFLU_US_2026,Will US bird flu reports exceed threshold by Dec 2026?,0.4248,0.4523,20,292
2026-06-01T14:28:40+00:00,polymarket,PM_HEATWAVE_EU_2026,Will Europe record a severe heatwave in July 2026?,0.3278,0.3536,67,201
2026-06-01T14:28:40+00:00,polymarket,PM_HURRICANE_FL_2026,Will a named hurricane make Florida landfall in 2026?,0.3513,0.4045,66,193
2026-06-01T14:28:50+00:00,kalshi,KX_BIRDFLU_US_2026,Will US bird flu reports exceed threshold by Dec 2026?,0.4176,0.4548,43,293
2026-06-01T14:28:50+00:00,polymarket,PM_HEATWAVE_EU_2026,Will Europe record a severe heatwave in July 2026?,0.319,0.3557,48,225
2026-06-01T14:28:50+00:00,polymarket,PM_HURRICANE_FL_2026,Will a named hurricane make Florida landfall in 2026?,0.3629,0.3977,189,204
2026-06-01T14:29:00+00:00,kalshi,KX_BIRDFLU_US_2026,Will US bird flu reports exceed threshold by Dec 2026?,0.4243,0.4509,41,127
2026-06-01T14:29:00+00:00,polymarket,PM_HEATWAVE_EU_2026,Will Europe record a severe heatwave in July 2026?,0.3294,0.3575,226,144
2026-06-01T14:29:00+00:00,polymarket,PM_HURRICANE_FL_2026,Will a named hurricane make Florida landfall in 2026?,0.3662,0.3937,74,95
2026-06-01T14:29:10+00:00,kalshi,KX_BIRDFLU_US_2026,Will US bird flu reports exceed threshold by Dec 2026?,0.427,0.4522,88,292
2026-06-01T14:29:10+00:00,polymarket,PM_HEATWAVE_EU_2026,Will Europe record a severe heatwave in July 2026?,0.3283,0.3562,136,166
2026-06-01T14:29:10+00:00,polymarket,PM_HURRICANE_FL_2026,Will a named hurricane make Florida landfall in 2026?,0.3653,0.3944,179,280
2026-06-01T14:29:20+00:00,kalshi,KX_BIRDFLU_US_2026,Will US bird flu reports exceed threshold by Dec 2026?,0.4184,0.4497,37,202
2026-06-01T14:29:20+00:00,polymarket,PM_HEATWAVE_EU_2026,Will Europe record a severe heatwave in July 2026?,0.3271,0.3563,258,37
2026-06-01T14:29:20+00:00,polymarket,PM_HURRICANE_FL_2026,Will a named hurricane make Florida landfall in 2026?,0.3699,0.3962,257,154
2026-06-01T14:29:30+00:00,kalshi,KX_BIRDFLU_US_2026,Will US bird flu reports exceed threshold by Dec 2026?,0.4166,0.4535,68,108
2026-06-01T14:29:30+00:00,polymarket,PM_HEATWAVE_EU_2026,Will Europe record a severe heatwave in July 2026?,0.3267,0.3594,76,263
2026-06-01T14:29:30+00:00,polymarket,PM_HURRICANE_FL_2026,Will a named hurricane make Florida landfall in 2026?,0.3619,0.3966,60,149
2026-06-01T14:29:40+00:00,kalshi,KX_BIRDFLU_US_2026,Will US bird flu reports exceed threshold by Dec 2026?,0.4249,0.4554,159,297
2026-06-01T14:29:40+00:00,polymarket,PM_HEATWAVE_EU_2026,Will Europe record a severe heatwave in July 2026?,0.329,0.3592,244,82
2026-06-01T14:29:40+00:00,polymarket,PM_HURRICANE_FL_2026,Will a named hurricane make Florida landfall in 2026?,0.3635,0.3906,292,81
2026-06-01T14:29:50+00:00,kalshi,KX_BIRDFLU_US_2026,Will US bird flu reports exceed threshold by Dec 2026?,0.4205,0.4614,148,155
2026-06-01T14:29:50+00:00,polymarket,PM_HEATWAVE_EU_2026,Will Europe record a severe heatwave in July 2026?,0.329,0.362,290,168
2026-06-01T14:29:50+00:00,polymarket,PM_HURRICANE_FL_2026,Will a named hurricane make Florida landfall in 2026?,0.36,0.3884,144,294
